timestamp,Bx,By,Bz,B_total
2026-02-25 00:00:00,20168.56,894.72,44667.19,49017.47
2026-02-25 00:01:00,20168.59,894.54,44667.1,49017.4
2026-02-25 00:02:00,20168.96,894.19,44667.2,49017.64
2026-02-25 00:03:00,20168.83,894.1,44667.14,49017.51
2026-02-25 00:04:00,20168.71,894.27,44667.02,49017.37
2026-02-25 00:05:00,20168.63,894.66,44666.87,49017.22
2026-02-25 00:06:00,20168.92,894.53,44666.86,49017.32
2026-02-25 00:07:00,20169.34,894.01,44667.11,49017.73
2026-02-25 00:08:00,20170.83,893.11,44667.53,49018.72
2026-02-25 00:09:00,20172.41,893.08,44667.78,49019.55
2026-02-25 00:10:00,20172.21,894.5,44667.26,49019.01
2026-02-25 00:11:00,20172.36,895.35,44666.61,49018.52
2026-02-25 00:12:00,20172.05,895.96,44666.37,49018.19
2026-02-25 00:13:00,20171.87,896.28,44666.16,49017.95
2026-02-25 00:14:00,20171.7,896.37,44666.14,49017.87
2026-02-25 00:15:00,20171.26,896.56,44665.98,49017.54
2026-02-25 00:16:00,20171.08,896.73,44666.19,49017.67
2026-02-25 00:17:00,20170.38,896.84,44665.97,49017.23
2026-02-25 00:18:00,20170.13,897.0,44665.99,49017.12
2026-02-25 00:19:00,20169.99,897.38,44666.04,49017.08
2026-02-25 00:20:00,20169.63,897.57,44665.95,49016.86
2026-02-25 00:21:00,20169.6,897.16,44666.02,49016.9
2026-02-25 00:22:00,20169.29,897.22,44666.02,49016.78
2026-02-25 00:23:00,20168.74,896.81,44666.02,49016.53
2026-02-25 00:24:00,20167.9,896.48,44666.14,49016.3
2026-02-25 00:25:00,20166.19,896.93,44666.05,49015.55
2026-02-25 00:26:00,20165.61,896.83,44666.11,49015.38
2026-02-25 00:27:00,20165.91,896.17,44666.56,49015.93
2026-02-25 00:28:00,20166.05,895.66,44666.6,49016.05
2026-02-25 00:29:00,20167.88,895.73,44666.79,49016.89
2026-02-25 00:30:00,20168.89,896.98,44666.14,49016.75
2026-02-25 00:31:00,20170.6,897.4,44665.83,49017.17
2026-02-25 00:32:00,20172.1,897.85,44665.56,49017.53
2026-02-25 00:33:00,20173.5,898.83,44665.11,49017.69
2026-02-25 00:34:00,20175.14,899.5,44664.7,49018.01
2026-02-25 00:35:00,20176.04,900.73,44664.19,49017.92
2026-02-25 00:36:00,20175.99,902.2,44663.42,49017.25
2026-02-25 00:37:00,20176.26,902.83,44663.07,49017.07
2026-02-25 00:38:00,20175.85,903.16,44663.09,49016.92
2026-02-25 00:39:00,20175.46,902.54,44663.37,49016.98
2026-02-25 00:40:00,20175.28,901.69,44663.81,49017.3
2026-02-25 00:41:00,20174.71,900.79,44664.24,49017.43
2026-02-25 00:42:00,20173.88,900.44,44664.46,49017.29
2026-02-25 00:43:00,20172.63,900.11,44664.62,49016.92
2026-02-25 00:44:00,20171.46,899.9,44664.77,49016.57
2026-02-25 00:45:00,20170.52,899.84,44664.77,49016.18
2026-02-25 00:46:00,20169.58,899.66,44664.8,49015.82
2026-02-25 00:47:00,20168.62,899.72,44664.86,49015.48
2026-02-25 00:48:00,20167.51,899.91,44664.69,49014.9
2026-02-25 00:49:00,20167.11,899.72,44664.72,49014.75
2026-02-25 00:50:00,20167.71,898.67,44665.0,49015.23
2026-02-25 00:51:00,20168.34,898.54,44665.07,49015.55
2026-02-25 00:52:00,20168.75,898.84,44664.71,49015.39
2026-02-25 00:53:00,20169.14,898.62,44664.46,49015.33
2026-02-25 00:54:00,20168.68,898.84,44664.18,49014.88
2026-02-25 00:55:00,20168.98,899.14,44664.0,49014.86
2026-02-25 00:56:00,20169.82,899.73,44663.65,49014.91
2026-02-25 00:57:00,20169.92,899.99,44663.27,49014.66
2026-02-25 00:58:00,20169.74,899.76,44663.16,49014.47
2026-02-25 00:59:00,20169.43,900.51,44663.03,49014.2
2026-02-25 01:00:00,20168.99,901.62,44662.7,49013.72
2026-02-25 01:01:00,20168.59,902.34,44662.46,49013.35
2026-02-25 01:02:00,20168.23,903.19,44662.19,49012.99
2026-02-25 01:03:00,20167.35,903.79,44661.91,49012.37
2026-02-25 01:04:00,20166.85,904.35,44661.84,49012.12
2026-02-25 01:05:00,20166.43,904.84,44661.89,49012.02
2026-02-25 01:06:00,20166.0,904.96,44661.9,49011.84
2026-02-25 01:07:00,20165.38,905.22,44661.81,49011.54
2026-02-25 01:08:00,20165.22,905.2,44661.91,49011.55
2026-02-25 01:09:00,20164.99,905.01,44662.06,49011.57
2026-02-25 01:10:00,20164.94,904.69,44662.23,49011.7
2026-02-25 01:11:00,20164.89,904.37,44662.36,49011.79
2026-02-25 01:12:00,20164.92,904.13,44662.46,49011.87
2026-02-25 01:13:00,20165.06,903.95,44662.58,49012.02
2026-02-25 01:14:00,20165.02,903.93,44662.52,49011.97
2026-02-25 01:15:00,20164.81,904.19,44662.37,49011.77
2026-02-25 01:16:00,20164.41,904.05,44662.34,49011.58
2026-02-25 01:17:00,20164.05,903.59,44662.4,49011.52
2026-02-25 01:18:00,20163.88,903.14,44662.61,49011.61
2026-02-25 01:19:00,20163.64,902.56,44662.83,49011.67
2026-02-25 01:20:00,20164.01,901.13,44663.2,49012.14
2026-02-25 01:21:00,20165.14,898.96,44663.84,49013.15
2026-02-25 01:22:00,20166.28,896.67,44664.32,49014.02
2026-02-25 01:23:00,20168.05,894.12,44665.21,49015.48
2026-02-25 01:24:00,20169.29,891.78,44665.57,49016.29
2026-02-25 01:25:00,20170.31,887.86,44666.2,49017.25
2026-02-25 01:26:00,20171.66,885.38,44666.83,49018.29
2026-02-25 01:27:00,20173.13,881.39,44667.58,49019.49
2026-02-25 01:28:00,20174.27,877.63,44668.27,49020.54
2026-02-25 01:29:00,20174.95,874.45,44668.8,49021.22
2026-02-25 01:30:00,20177.12,870.81,44669.46,49022.64
2026-02-25 01:31:00,20178.45,869.56,44669.22,49022.92
2026-02-25 01:32:00,20179.18,868.57,44668.76,49022.8
2026-02-25 01:33:00,20180.06,868.13,44668.23,49022.66
2026-02-25 01:34:00,20180.34,868.13,44667.52,49022.12
2026-02-25 01:35:00,20180.33,868.68,44666.62,49021.33
2026-02-25 01:36:00,20180.41,869.27,44665.74,49020.58
2026-02-25 01:37:00,20180.83,870.31,44664.88,49019.99
2026-02-25 01:38:00,20181.81,871.06,44664.05,49019.65
2026-02-25 01:39:00,20182.36,872.49,44663.11,49019.02
2026-02-25 01:40:00,20182.86,873.22,44662.28,49018.5
2026-02-25 01:41:00,20183.08,874.16,44661.58,49017.95
2026-02-25 01:42:00,20182.99,875.5,44660.74,49017.18
2026-02-25 01:43:00,20183.12,876.7,44660.08,49016.64
2026-02-25 01:44:00,20183.32,877.76,44659.53,49016.23
2026-02-25 01:45:00,20183.23,879.2,44658.88,49015.65
2026-02-25 01:46:00,20182.98,880.9,44658.21,49014.97
2026-02-25 01:47:00,20182.9,882.21,44657.74,49014.53
2026-02-25 01:48:00,20182.49,883.91,44657.13,49013.85
2026-02-25 01:49:00,20182.38,885.16,44656.78,49013.48
2026-02-25 01:50:00,20182.41,886.1,44656.52,49013.26
2026-02-25 01:51:00,20182.5,886.85,44656.32,49013.16
2026-02-25 01:52:00,20182.34,887.74,44656.13,49012.92
2026-02-25 01:53:00,20182.35,888.51,44655.9,49012.73
2026-02-25 01:54:00,20182.44,889.03,44655.89,49012.76
2026-02-25 01:55:00,20183.58,888.77,44655.96,49013.3
2026-02-25 01:56:00,20183.41,888.75,44655.96,49013.23
2026-02-25 01:57:00,20183.45,888.55,44656.12,49013.38
2026-02-25 01:58:00,20183.63,888.49,44656.29,49013.61
2026-02-25 01:59:00,20183.02,888.87,44656.2,49013.28
2026-02-25 02:00:00,20182.54,889.43,44656.05,49012.95
2026-02-25 02:01:00,20181.65,890.11,44655.88,49012.45
2026-02-25 02:02:00,20181.1,890.76,44655.79,49012.16
2026-02-25 02:03:00,20181.23,891.78,44655.63,49012.11
2026-02-25 02:04:00,20180.41,892.74,44655.39,49011.57
2026-02-25 02:05:00,20179.92,893.43,44655.37,49011.37
2026-02-25 02:06:00,20179.35,894.11,44655.3,49011.08
2026-02-25 02:07:00,20179.06,894.71,44655.28,49010.95
2026-02-25 02:08:00,20178.6,895.29,44655.19,49010.69
2026-02-25 02:09:00,20178.23,895.95,44655.11,49010.5
2026-02-25 02:10:00,20177.97,897.08,44654.97,49010.27
2026-02-25 02:11:00,20177.16,897.97,44654.73,49009.74
2026-02-25 02:12:00,20176.68,898.35,44654.97,49009.76
2026-02-25 02:13:00,20176.81,897.85,44655.07,49009.91
2026-02-25 02:14:00,20176.4,897.47,44655.39,49010.01
2026-02-25 02:15:00,20176.1,897.18,44655.64,49010.11
2026-02-25 02:16:00,20175.94,896.75,44655.91,49010.29
2026-02-25 02:17:00,20176.33,896.68,44656.16,49010.66
2026-02-25 02:18:00,20176.39,897.06,44656.06,49010.62
2026-02-25 02:19:00,20176.37,897.25,44656.0,49010.55
2026-02-25 02:20:00,20176.23,898.0,44655.71,49010.24
2026-02-25 02:21:00,20176.6,897.18,44655.89,49010.54
2026-02-25 02:22:00,20176.99,896.3,44656.32,49011.07
2026-02-25 02:23:00,20177.23,895.54,44656.55,49011.36
2026-02-25 02:24:00,20176.88,895.35,44656.62,49011.28
2026-02-25 02:25:00,20176.11,895.4,44656.59,49010.94
2026-02-25 02:26:00,20175.49,895.56,44656.53,49010.64
2026-02-25 02:27:00,20175.19,896.28,44656.13,49010.34
2026-02-25 02:28:00,20175.44,896.77,44656.16,49010.37
2026-02-25 02:29:00,20175.44,897.0,44656.09,49010.25
2026-02-25 02:30:00,20175.95,896.98,44656.18,49010.54
2026-02-25 02:31:00,20176.94,896.68,44656.34,49011.08
2026-02-25 02:32:00,20177.88,895.83,44656.52,49011.6
2026-02-25 02:33:00,20178.17,894.38,44656.81,49011.96
2026-02-25 02:34:00,20177.52,893.68,44656.95,49011.79
2026-02-25 02:35:00,20176.65,893.25,44656.86,49011.37
2026-02-25 02:36:00,20175.98,892.99,44657.0,49011.25
2026-02-25 02:37:00,20175.3,893.18,44656.96,49010.96
2026-02-25 02:38:00,20174.67,892.98,44657.1,49010.81
2026-02-25 02:39:00,20173.66,893.08,44657.23,49010.46
2026-02-25 02:40:00,20172.93,893.49,44657.39,49010.31
2026-02-25 02:41:00,20172.35,894.09,44657.38,49010.08
2026-02-25 02:42:00,20172.16,894.54,44657.28,49009.92
2026-02-25 02:43:00,20171.88,895.0,44657.13,49009.67
2026-02-25 02:44:00,20171.49,895.45,44656.94,49009.35
2026-02-25 02:45:00,20170.97,895.91,44656.76,49008.98
2026-02-25 02:46:00,20170.47,896.59,44656.62,49008.68
2026-02-25 02:47:00,20170.5,897.09,44656.51,49008.63
2026-02-25 02:48:00,20170.53,897.51,44656.55,49008.67
2026-02-25 02:49:00,20170.7,897.7,44656.58,49008.76
2026-02-25 02:50:00,20170.53,897.86,44656.66,49008.77
2026-02-25 02:51:00,20170.09,897.84,44656.72,49008.65
2026-02-25 02:52:00,20169.59,897.78,44656.85,49008.56
2026-02-25 02:53:00,20168.95,898.24,44656.88,49008.34
2026-02-25 02:54:00,20168.33,899.1,44656.8,49008.03
2026-02-25 02:55:00,20168.14,899.97,44656.59,49007.84
2026-02-25 02:56:00,20168.09,900.83,44656.44,49007.68
2026-02-25 02:57:00,20168.17,901.67,44656.21,49007.61
2026-02-25 02:58:00,20168.29,902.1,44656.16,49007.56
2026-02-25 02:59:00,20168.43,902.2,44656.23,49007.66
2026-02-25 03:00:00,20168.46,902.16,44656.28,49007.71
2026-02-25 03:01:00,20168.35,902.17,44656.51,49007.84
2026-02-25 03:02:00,20168.41,902.25,44656.74,49008.04
2026-02-25 03:03:00,20168.38,902.35,44656.8,49008.08
2026-02-25 03:04:00,20168.32,902.63,44656.84,49008.09
2026-02-25 03:05:00,20168.3,902.86,44656.82,49008.12
2026-02-25 03:06:00,20168.27,902.79,44656.98,49008.24
2026-02-25 03:07:00,20168.36,902.56,44656.98,49008.38
2026-02-25 03:08:00,20168.45,902.44,44657.24,49008.59
2026-02-25 03:09:00,20168.33,902.42,44657.38,49008.62
2026-02-25 03:10:00,20168.15,902.62,44657.39,49008.57
2026-02-25 03:11:00,20168.08,902.79,44657.47,49008.57
2026-02-25 03:12:00,20167.79,903.59,44657.35,49008.37
2026-02-25 03:13:00,20167.99,904.14,44657.21,49008.35
2026-02-25 03:14:00,20168.28,904.67,44657.04,49008.34
2026-02-25 03:15:00,20168.47,905.48,44656.56,49008.17
2026-02-25 03:16:00,20168.63,905.94,44656.65,49008.26
2026-02-25 03:17:00,20168.72,906.54,44656.56,49008.22
2026-02-25 03:18:00,20169.16,906.89,44656.59,49008.36
2026-02-25 03:19:00,20169.71,907.31,44656.64,49008.61
2026-02-25 03:20:00,20170.06,907.4,44656.64,49008.76
2026-02-25 03:21:00,20170.16,907.27,44656.7,49008.83
2026-02-25 03:22:00,20170.36,907.26,44656.81,49009.02
2026-02-25 03:23:00,20170.38,907.49,44656.86,49009.07
2026-02-25 03:24:00,20170.45,907.83,44656.76,49009.01
2026-02-25 03:25:00,20170.91,907.83,44656.91,49009.33
2026-02-25 03:26:00,20171.13,907.63,44657.09,49009.57
2026-02-25 03:27:00,20171.36,907.41,44657.19,49009.78
2026-02-25 03:28:00,20171.31,907.51,44657.24,49009.78
2026-02-25 03:29:00,20171.48,907.59,44657.37,49009.95
2026-02-25 03:30:00,20171.48,907.89,44657.34,49009.93
2026-02-25 03:31:00,20172.07,908.44,44657.37,49010.2
2026-02-25 03:32:00,20172.12,908.8,44657.18,49010.08
2026-02-25 03:33:00,20172.41,909.24,44657.02,49010.07
2026-02-25 03:34:00,20173.31,909.54,44657.18,49010.57
2026-02-25 03:35:00,20173.79,909.78,44657.15,49010.75
2026-02-25 03:36:00,20173.87,909.95,44657.1,49010.76
2026-02-25 03:37:00,20174.13,909.71,44657.13,49010.93
2026-02-25 03:38:00,20174.39,909.43,44657.37,49011.21
2026-02-25 03:39:00,20174.66,909.04,44657.65,49011.55
2026-02-25 03:40:00,20174.52,909.27,44657.72,49011.54
2026-02-25 03:41:00,20175.04,909.74,44657.66,49011.71
2026-02-25 03:42:00,20175.43,910.34,44657.52,49011.75
2026-02-25 03:43:00,20175.91,910.34,44657.33,49011.8
2026-02-25 03:44:00,20176.36,910.13,44657.41,49012.06
2026-02-25 03:45:00,20176.77,909.58,44657.36,49012.26
2026-02-25 03:46:00,20176.75,908.74,44657.58,49012.47
2026-02-25 03:47:00,20176.35,907.52,44658.1,49012.71
2026-02-25 03:48:00,20175.56,906.45,44658.6,49012.78
2026-02-25 03:49:00,20174.7,906.47,44658.86,49012.62
2026-02-25 03:50:00,20174.16,906.28,44658.96,49012.49
2026-02-25 03:51:00,20173.59,905.87,44659.05,49012.34
2026-02-25 03:52:00,20173.47,905.18,44659.31,49012.51
2026-02-25 03:53:00,20173.15,904.42,44659.43,49012.46
2026-02-25 03:54:00,20173.24,903.72,44659.47,49012.53
2026-02-25 03:55:00,20173.91,902.6,44659.86,49013.16
2026-02-25 03:56:00,20174.34,901.7,44660.23,49013.63
2026-02-25 03:57:00,20174.73,899.78,44660.17,49013.81
2026-02-25 03:58:00,20174.34,898.0,44660.77,49014.11
2026-02-25 03:59:00,20173.37,896.76,44661.33,49014.16
2026-02-25 04:00:00,20172.44,897.24,44661.34,49013.8
2026-02-25 04:01:00,20171.69,897.46,44661.17,49013.35
2026-02-25 04:02:00,20171.34,897.46,44661.38,49013.39
2026-02-25 04:03:00,20170.74,897.2,44661.3,49013.07
2026-02-25 04:04:00,20170.0,897.24,44661.19,49012.65
2026-02-25 04:05:00,20169.43,898.02,44660.94,49012.22
2026-02-25 04:06:00,20169.25,898.74,44660.51,49011.79
2026-02-25 04:07:00,20169.09,899.22,44659.94,49011.3
2026-02-25 04:08:00,20169.1,899.26,44660.0,49011.33
2026-02-25 04:09:00,20169.14,899.34,44660.13,49011.41
2026-02-25 04:10:00,20169.15,899.01,44660.14,49011.42
2026-02-25 04:11:00,20169.14,898.87,44660.14,49011.41
2026-02-25 04:12:00,20168.92,898.48,44660.15,49011.33
2026-02-25 04:13:00,20168.78,898.29,44660.45,49011.55
2026-02-25 04:14:00,20168.38,898.1,44660.5,49011.41
2026-02-25 04:15:00,20168.16,898.4,44660.52,49011.4
2026-02-25 04:16:00,20167.85,898.86,44660.39,49011.14
2026-02-25 04:17:00,20167.88,899.72,44660.1,49010.97
2026-02-25 04:18:00,20168.04,900.19,44660.06,49010.95
2026-02-25 04:19:00,20168.79,900.33,44660.08,49011.22
2026-02-25 04:20:00,20169.6,899.98,44660.11,49011.58
2026-02-25 04:21:00,20169.64,900.46,44659.98,49011.48
2026-02-25 04:22:00,20169.78,900.85,44659.88,49011.45
2026-02-25 04:23:00,20169.47,901.07,44659.63,49011.1
2026-02-25 04:24:00,20169.36,901.59,44659.64,49011.08
2026-02-25 04:25:00,20169.44,901.99,44659.7,49011.19
2026-02-25 04:26:00,20169.26,902.44,44659.41,49010.84
2026-02-25 04:27:00,20169.25,902.97,44659.38,49010.81
2026-02-25 04:28:00,20168.91,903.76,44659.12,49010.47
2026-02-25 04:29:00,20168.82,903.79,44659.09,49010.38
2026-02-25 04:30:00,20168.88,904.24,44659.15,49010.48
2026-02-25 04:31:00,20168.74,904.41,44659.16,49010.43
2026-02-25 04:32:00,20168.4,904.26,44659.17,49010.3
2026-02-25 04:33:00,20168.05,904.16,44659.34,49010.3
2026-02-25 04:34:00,20168.12,904.44,44659.23,49010.24
2026-02-25 04:35:00,20168.55,904.6,44659.21,49010.42
2026-02-25 04:36:00,20168.37,905.2,44659.22,49010.37
2026-02-25 04:37:00,20168.64,904.95,44659.19,49010.44
2026-02-25 04:38:00,20168.97,904.29,44659.21,49010.59
2026-02-25 04:39:00,20169.57,903.11,44659.98,49011.49
2026-02-25 04:40:00,20169.34,901.38,44660.53,49011.86
2026-02-25 04:41:00,20168.68,899.55,44660.57,49011.6
2026-02-25 04:42:00,20168.31,897.97,44661.08,49011.92
2026-02-25 04:43:00,20168.39,896.79,44661.65,49012.43
2026-02-25 04:44:00,20169.02,896.28,44661.91,49012.89
2026-02-25 04:45:00,20169.43,896.58,44661.88,49013.05
2026-02-25 04:46:00,20169.97,896.87,44661.7,49013.13
2026-02-25 04:47:00,20170.18,897.15,44661.54,49013.07
2026-02-25 04:48:00,20169.78,897.25,44661.25,49012.65
2026-02-25 04:49:00,20169.34,897.06,44661.22,49012.42
2026-02-25 04:50:00,20168.68,897.33,44661.22,49012.17
2026-02-25 04:51:00,20168.13,898.72,44661.45,49012.18
2026-02-25 04:52:00,20167.24,898.96,44660.63,49011.05
2026-02-25 04:53:00,20166.75,898.46,44660.49,49010.72
2026-02-25 04:54:00,20166.58,898.56,44660.81,49010.93
2026-02-25 04:55:00,20166.64,898.66,44660.71,49010.88
2026-02-25 04:56:00,20166.99,898.82,44660.82,49011.14
2026-02-25 04:57:00,20167.67,898.48,44660.87,49011.51
2026-02-25 04:58:00,20168.57,897.88,44661.28,49012.24
2026-02-25 04:59:00,20168.66,896.62,44661.65,49012.5
2026-02-25 05:00:00,20168.36,896.02,44661.79,49012.51
2026-02-25 05:01:00,20167.72,896.46,44661.79,49012.25
2026-02-25 05:02:00,20168.02,896.93,44661.94,49012.54
2026-02-25 05:03:00,20167.73,897.29,44661.47,49011.96
2026-02-25 05:04:00,20168.59,897.13,44661.78,49012.58
2026-02-25 05:05:00,20169.02,897.36,44661.79,49012.8
2026-02-25 05:06:00,20168.84,897.31,44661.44,49012.41
2026-02-25 05:07:00,20168.75,896.72,44661.39,49012.35
2026-02-25 05:08:00,20167.47,899.14,44661.04,49011.54
2026-02-25 05:09:00,20168.31,899.88,44660.6,49011.49
2026-02-25 05:10:00,20169.17,898.11,44660.86,49012.03
2026-02-25 05:11:00,20169.6,897.7,44661.39,49012.67
2026-02-25 05:12:00,20168.13,895.14,44661.86,49012.47
2026-02-25 05:13:00,20166.7,895.99,44662.17,49012.17
2026-02-25 05:14:00,20166.44,896.31,44662.0,49011.92
2026-02-25 05:15:00,20166.52,895.91,44662.09,49012.05
2026-02-25 05:16:00,20166.79,895.51,44662.16,49012.29
2026-02-25 05:17:00,20166.96,895.21,44662.25,49012.48
2026-02-25 05:18:00,20166.99,894.95,44662.28,49012.44
2026-02-25 05:19:00,20167.11,894.59,44662.34,49012.49
2026-02-25 05:20:00,20167.38,894.88,44662.53,49012.77
2026-02-25 05:21:00,20167.83,895.07,44662.35,49012.81
2026-02-25 05:22:00,20168.57,895.15,44662.37,49013.13
2026-02-25 05:23:00,20168.77,895.43,44662.02,49012.9
2026-02-25 05:24:00,20169.04,895.67,44661.94,49012.94
2026-02-25 05:25:00,20169.51,895.69,44661.75,49012.99
2026-02-25 05:26:00,20170.05,895.81,44661.82,49013.3
2026-02-25 05:27:00,20169.73,896.27,44661.79,49013.16
2026-02-25 05:28:00,20169.43,896.8,44661.56,49012.79
2026-02-25 05:29:00,20170.07,896.67,44661.61,49013.06
2026-02-25 05:30:00,20170.14,896.6,44661.58,49013.08
2026-02-25 05:31:00,20169.8,896.66,44661.5,49012.86
2026-02-25 05:32:00,20170.11,896.38,44661.55,49013.03
2026-02-25 05:33:00,20170.19,895.52,44661.89,49013.37
2026-02-25 05:34:00,20169.01,895.54,44661.96,49012.91
2026-02-25 05:35:00,20168.0,897.21,44661.54,49012.16
2026-02-25 05:36:00,20167.95,899.16,44660.87,49011.57
2026-02-25 05:37:00,20168.89,899.87,44660.64,49011.82
2026-02-25 05:38:00,20170.11,899.51,44660.89,49012.48
2026-02-25 05:39:00,20169.9,898.89,44661.28,49012.71
2026-02-25 05:40:00,20170.39,898.17,44661.38,49012.98
2026-02-25 05:41:00,20170.34,898.19,44661.45,49013.01
2026-02-25 05:42:00,20171.16,898.52,44661.66,49013.54
2026-02-25 05:43:00,20171.59,898.71,44661.29,49013.37
2026-02-25 05:44:00,20170.64,898.73,44660.81,49012.57
2026-02-25 05:45:00,20171.78,899.01,44661.1,49013.32
2026-02-25 05:46:00,20171.19,898.02,44661.14,49013.12
2026-02-25 05:47:00,20170.51,899.24,44660.95,49012.75
2026-02-25 05:48:00,20170.62,900.09,44660.62,49012.45
2026-02-25 05:49:00,20169.38,901.1,44660.64,49011.97
2026-02-25 05:50:00,20169.68,901.9,44660.55,49012.0
2026-02-25 05:51:00,20170.72,902.13,44660.24,49012.16
2026-02-25 05:52:00,20172.47,901.99,44660.26,49012.89
2026-02-25 05:53:00,20172.45,901.58,44660.27,49012.88
2026-02-25 05:54:00,20172.67,901.25,44660.35,49013.04
2026-02-25 05:55:00,20171.68,901.31,44660.45,49012.73
2026-02-25 05:56:00,20171.44,902.11,44660.38,49012.59
2026-02-25 05:57:00,20171.47,902.98,44660.27,49012.54
2026-02-25 05:58:00,20172.48,903.88,44660.24,49012.96
2026-02-25 05:59:00,20172.91,903.47,44659.89,49012.76
2026-02-25 06:00:00,20173.77,902.7,44660.0,49013.22
2026-02-25 06:01:00,20173.5,900.81,44660.56,49013.58
2026-02-25 06:02:00,20173.49,901.41,44660.85,49013.91
2026-02-25 06:03:00,20174.32,902.08,44660.65,49014.05
2026-02-25 06:04:00,20176.12,899.79,44660.88,49014.94
2026-02-25 06:05:00,20175.94,899.73,44661.02,49014.99
2026-02-25 06:06:00,20177.2,898.51,44661.27,49015.72
2026-02-25 06:07:00,20177.79,897.01,44661.64,49016.26
2026-02-25 06:08:00,20176.95,895.81,44661.73,49015.98
2026-02-25 06:09:00,20176.1,895.74,44661.78,49015.69
2026-02-25 06:10:00,20175.6,896.2,44661.59,49015.3
2026-02-25 06:11:00,20176.28,895.62,44661.52,49015.53
2026-02-25 06:12:00,20175.78,895.38,44661.87,49015.63
2026-02-25 06:13:00,20174.44,896.89,44661.36,49014.65
2026-02-25 06:14:00,20175.06,896.81,44661.22,49014.78
2026-02-25 06:15:00,20173.8,897.79,44661.15,49014.18
2026-02-25 06:16:00,20173.6,898.89,44661.33,49014.31
2026-02-25 06:17:00,20173.94,898.59,44661.37,49014.47
2026-02-25 06:18:00,20173.08,899.26,44661.44,49014.19
2026-02-25 06:19:00,20173.65,900.88,44660.93,49014.02
2026-02-25 06:20:00,20175.09,900.93,44660.97,49014.64
2026-02-25 06:21:00,20176.63,899.98,44661.02,49015.29
2026-02-25 06:22:00,20177.57,899.94,44661.07,49015.72
2026-02-25 06:23:00,20178.53,899.8,44661.01,49016.06
2026-02-25 06:24:00,20179.15,898.61,44661.03,49016.32
2026-02-25 06:25:00,20180.35,896.94,44661.39,49017.1
2026-02-25 06:26:00,20180.68,896.15,44661.68,49017.48
2026-02-25 06:27:00,20182.79,895.08,44661.94,49018.55
2026-02-25 06:28:00,20183.48,893.8,44661.99,49018.86
2026-02-25 06:29:00,20182.38,891.92,44662.17,49018.54
2026-02-25 06:30:00,20179.84,891.83,44662.36,49017.67
2026-02-25 06:31:00,20179.03,891.52,44662.37,49017.33
2026-02-25 06:32:00,20179.53,891.17,44662.62,49017.76
2026-02-25 06:33:00,20179.37,890.84,44662.72,49017.77
2026-02-25 06:34:00,20177.19,891.61,44662.4,49016.61
2026-02-25 06:35:00,20175.26,893.25,44662.04,49015.53
2026-02-25 06:36:00,20175.9,894.17,44661.87,49015.66
2026-02-25 06:37:00,20177.05,893.47,44662.0,49016.24
2026-02-25 06:38:00,20177.89,893.04,44662.35,49016.88
2026-02-25 06:39:00,20178.12,893.44,44662.57,49017.19
2026-02-25 06:40:00,20177.76,893.31,44662.18,49016.67
2026-02-25 06:41:00,20177.4,893.56,44661.82,49016.21
2026-02-25 06:42:00,20177.72,894.04,44661.96,49016.49
2026-02-25 06:43:00,20178.17,894.03,44662.22,49016.89
2026-02-25 06:44:00,20177.78,894.13,44662.17,49016.69
2026-02-25 06:45:00,20177.76,894.12,44662.26,49016.75
2026-02-25 06:46:00,20177.57,894.66,44662.26,49016.72
2026-02-25 06:47:00,20177.34,894.66,44662.16,49016.51
2026-02-25 06:48:00,20177.0,894.65,44662.21,49016.4
2026-02-25 06:49:00,20176.7,895.07,44662.08,49016.17
2026-02-25 06:50:00,20176.85,895.65,44662.26,49016.42
2026-02-25 06:51:00,20176.74,895.89,44662.18,49016.31
2026-02-25 06:52:00,20176.5,896.18,44662.17,49016.2
2026-02-25 06:53:00,20176.46,896.19,44662.32,49016.33
2026-02-25 06:54:00,20176.69,896.08,44662.52,49016.58
2026-02-25 06:55:00,20176.36,896.55,44662.04,49016.03
2026-02-25 06:56:00,20176.8,896.41,44662.23,49016.38
2026-02-25 06:57:00,20176.8,896.73,44662.76,49016.85
2026-02-25 06:58:00,20176.59,896.43,44662.54,49016.55
2026-02-25 06:59:00,20176.59,896.73,44662.46,49016.49
2026-02-25 07:00:00,20177.02,896.0,44662.97,49017.13
2026-02-25 07:01:00,20176.92,896.32,44662.95,49017.06
2026-02-25 07:02:00,20177.15,896.16,44663.17,49017.34
2026-02-25 07:03:00,20177.33,895.99,44663.34,49017.59
2026-02-25 07:04:00,20177.39,895.55,44663.24,49017.53
2026-02-25 07:05:00,20178.1,895.52,44663.86,49018.36
2026-02-25 07:06:00,20177.86,895.29,44663.91,49018.3
2026-02-25 07:07:00,20177.18,895.47,44663.8,49017.93
2026-02-25 07:08:00,20176.89,895.69,44664.07,49018.04
2026-02-25 07:09:00,20176.57,896.24,44664.25,49018.08
2026-02-25 07:10:00,20176.22,896.22,44663.89,49017.64
2026-02-25 07:11:00,20176.07,896.12,44664.05,49017.71
2026-02-25 07:12:00,20176.05,896.24,44664.41,49018.04
2026-02-25 07:13:00,20175.8,896.26,44664.28,49017.81
2026-02-25 07:14:00,20175.68,897.06,44664.27,49017.8
2026-02-25 07:15:00,20175.49,897.13,44664.18,49017.65
2026-02-25 07:16:00,20176.01,897.27,44664.45,49018.07
2026-02-25 07:17:00,20176.23,897.42,44664.51,49018.21
2026-02-25 07:18:00,20176.64,897.12,44664.61,49018.5
2026-02-25 07:19:00,20176.29,897.16,44664.59,49018.33
2026-02-25 07:20:00,20175.88,897.65,44664.74,49018.31
2026-02-25 07:21:00,20175.88,898.06,44664.8,49018.35
2026-02-25 07:22:00,20175.83,898.38,44664.84,49018.4
2026-02-25 07:23:00,20176.25,898.48,44664.8,49018.54
2026-02-25 07:24:00,20176.67,897.93,44665.06,49018.94
2026-02-25 07:25:00,20176.67,897.56,44665.27,49019.12
2026-02-25 07:26:00,20175.82,898.2,44665.07,49018.59
2026-02-25 07:27:00,20175.39,899.57,44664.65,49018.08
2026-02-25 07:28:00,20175.75,899.97,44664.41,49018.0
2026-02-25 07:29:00,20176.79,899.63,44664.85,49018.82
2026-02-25 07:30:00,20177.64,899.52,44664.97,49019.27
2026-02-25 07:31:00,20178.36,899.05,44664.97,49019.53
2026-02-25 07:32:00,20178.47,898.36,44665.14,49019.74
2026-02-25 07:33:00,20178.29,898.02,44665.22,49019.74
2026-02-25 07:34:00,20178.49,897.97,44665.34,49019.95
2026-02-25 07:35:00,20178.89,898.07,44665.21,49020.13
2026-02-25 07:36:00,20179.23,897.05,44665.52,49020.49
2026-02-25 07:37:00,20178.72,897.25,44665.65,49020.38
2026-02-25 07:38:00,20178.68,897.18,44665.75,49020.45
2026-02-25 07:39:00,20178.71,897.64,44665.77,49020.5
2026-02-25 07:40:00,20178.85,897.71,44665.9,49020.57
2026-02-25 07:41:00,20178.48,898.43,44665.85,49020.39
2026-02-25 07:42:00,20178.61,898.66,44665.87,49020.46
2026-02-25 07:43:00,20178.18,897.43,44666.0,49020.38
2026-02-25 07:44:00,20176.69,898.06,44666.0,49019.78
2026-02-25 07:45:00,20176.18,899.63,44665.84,49019.46
2026-02-25 07:46:00,20176.83,899.8,44665.68,49019.61
2026-02-25 07:47:00,20177.6,900.09,44665.57,49019.81
2026-02-25 07:48:00,20178.44,898.99,44666.27,49020.77
2026-02-25 07:49:00,20178.01,898.52,44666.18,49020.5
2026-02-25 07:50:00,20177.39,899.13,44666.19,49020.26
2026-02-25 07:51:00,20177.55,899.6,44666.38,49020.52
2026-02-25 07:52:00,20177.39,899.8,44666.42,49020.5
2026-02-25 07:53:00,20176.9,900.39,44666.26,49020.17
2026-02-25 07:54:00,20176.87,901.2,44666.03,49019.96
2026-02-25 07:55:00,20176.99,901.61,44665.85,49019.89
2026-02-25 07:56:00,20177.4,901.79,44665.96,49020.15
2026-02-25 07:57:00,20178.19,901.11,44666.21,49020.65
2026-02-25 07:58:00,20178.58,900.47,44666.46,49021.02
2026-02-25 07:59:00,20178.62,900.05,44666.78,49021.33
2026-02-25 08:00:00,20178.28,900.16,44666.8,49021.22
2026-02-25 08:01:00,20178.27,900.72,44666.75,49021.16
2026-02-25 08:02:00,20177.92,901.82,44666.58,49020.88
2026-02-25 08:03:00,20178.1,901.86,44666.72,49021.09
2026-02-25 08:04:00,20178.58,901.8,44666.78,49021.35
2026-02-25 08:05:00,20178.95,901.56,44666.84,49021.55
2026-02-25 08:06:00,20179.82,901.22,44667.14,49022.17
2026-02-25 08:07:00,20180.08,900.67,44667.16,49022.3
2026-02-25 08:08:00,20180.24,900.9,44667.07,49022.27
2026-02-25 08:09:00,20180.27,900.56,44667.3,49022.48
2026-02-25 08:10:00,20179.61,900.91,44667.34,49022.24
2026-02-25 08:11:00,20179.55,901.29,44667.28,49022.19
2026-02-25 08:12:00,20179.22,902.07,44667.05,49021.87
2026-02-25 08:13:00,20179.2,902.57,44667.04,49021.83
2026-02-25 08:14:00,20179.38,902.73,44666.95,49021.84
2026-02-25 08:15:00,20179.23,902.55,44667.04,49021.85
2026-02-25 08:16:00,20179.34,902.93,44667.22,49022.07
2026-02-25 08:17:00,20179.01,903.83,44667.01,49021.77
2026-02-25 08:18:00,20178.86,904.75,44666.74,49021.46
2026-02-25 08:19:00,20178.95,904.64,44666.58,49021.38
2026-02-25 08:20:00,20178.86,905.14,44666.49,49021.25
2026-02-25 08:21:00,20179.54,904.64,44666.73,49021.75
2026-02-25 08:22:00,20179.34,905.23,44666.7,49021.63
2026-02-25 08:23:00,20179.35,905.09,44666.63,49021.6
2026-02-25 08:24:00,20179.75,904.86,44666.89,49022.01
2026-02-25 08:25:00,20180.06,905.46,44666.81,49022.05
2026-02-25 08:26:00,20179.45,905.88,44666.39,49021.42
2026-02-25 08:27:00,20179.36,905.22,44666.7,49021.65
2026-02-25 08:28:00,20179.23,905.76,44666.96,49021.86
2026-02-25 08:29:00,20178.82,907.48,44666.51,49021.31
2026-02-25 08:30:00,20178.41,909.52,44665.8,49020.52
2026-02-25 08:31:00,20178.66,910.09,44665.47,49020.34
2026-02-25 08:32:00,20179.7,908.86,44665.83,49021.08
2026-02-25 08:33:00,20180.99,907.35,44666.32,49022.02
2026-02-25 08:34:00,20181.79,905.63,44666.82,49022.78
2026-02-25 08:35:00,20182.03,905.09,44667.06,49023.08
2026-02-25 08:36:00,20182.36,905.32,44666.95,49023.12
2026-02-25 08:37:00,20182.84,904.81,44667.06,49023.38
2026-02-25 08:38:00,20183.22,904.42,44667.1,49023.58
2026-02-25 08:39:00,20183.24,904.75,44667.07,49023.56
2026-02-25 08:40:00,20183.19,904.36,44667.05,49023.52
2026-02-25 08:41:00,20182.06,905.69,44666.56,49022.64
2026-02-25 08:42:00,20183.08,906.65,44666.62,49023.12
2026-02-25 08:43:00,20182.15,906.66,44666.12,49022.3
2026-02-25 08:44:00,20182.02,906.3,44666.23,49022.3
2026-02-25 08:45:00,20182.27,905.14,44666.64,49022.78
2026-02-25 08:46:00,20183.05,904.1,44667.16,49023.57
2026-02-25 08:47:00,20183.04,904.56,44667.1,49023.49
2026-02-25 08:48:00,20182.02,904.55,44666.77,49022.79
2026-02-25 08:49:00,20181.52,905.15,44666.66,49022.49
2026-02-25 08:50:00,20182.03,905.62,44666.65,49022.71
2026-02-25 08:51:00,20182.93,904.88,44666.85,49023.23
2026-02-25 08:52:00,20181.83,904.21,44667.0,49022.91
2026-02-25 08:53:00,20180.56,905.31,44666.95,49022.36
2026-02-25 08:54:00,20179.75,906.42,44666.54,49021.68
2026-02-25 08:55:00,20179.18,907.38,44666.29,49021.24
2026-02-25 08:56:00,20178.73,908.97,44665.77,49020.62
2026-02-25 08:57:00,20179.31,909.33,44665.63,49020.81
2026-02-25 08:58:00,20178.75,909.08,44665.87,49020.77
2026-02-25 08:59:00,20177.45,910.24,44665.53,49019.92
2026-02-25 09:00:00,20176.78,911.26,44665.25,49019.39
2026-02-25 09:01:00,20175.91,913.19,44664.98,49018.84
2026-02-25 09:02:00,20176.07,913.81,44664.8,49018.77
2026-02-25 09:03:00,20176.17,913.99,44664.52,49018.53
2026-02-25 09:04:00,20176.53,914.33,44664.4,49018.59
2026-02-25 09:05:00,20176.96,914.8,44664.21,49018.6
2026-02-25 09:06:00,20177.69,915.36,44664.05,49018.76
2026-02-25 09:07:00,20178.13,914.54,44664.14,49019.01
2026-02-25 09:08:00,20178.74,913.32,44664.36,49019.42
2026-02-25 09:09:00,20179.19,912.06,44664.65,49019.86
2026-02-25 09:10:00,20179.24,911.38,44664.77,49019.96
2026-02-25 09:11:00,20179.51,910.84,44664.73,49020.03
2026-02-25 09:12:00,20179.49,910.11,44665.12,49020.34
2026-02-25 09:13:00,20178.56,910.78,44664.9,49019.78
2026-02-25 09:14:00,20177.72,911.37,44664.44,49019.09
2026-02-25 09:15:00,20177.64,912.06,44664.32,49018.92
2026-02-25 09:16:00,20177.27,911.97,44664.19,49018.68
2026-02-25 09:17:00,20176.95,911.92,44663.98,49018.35
2026-02-25 09:18:00,20176.38,912.65,44663.75,49017.91
2026-02-25 09:19:00,20175.5,914.25,44663.0,49016.89
2026-02-25 09:20:00,20176.37,914.7,44662.89,49017.15
2026-02-25 09:21:00,20177.43,913.77,44662.92,49017.58
2026-02-25 09:22:00,20177.94,913.62,44662.58,49017.5
2026-02-25 09:23:00,20178.3,913.67,44662.73,49017.78
2026-02-25 09:24:00,20177.98,914.02,44662.44,49017.38
2026-02-25 09:25:00,20178.49,912.64,44662.48,49017.62
2026-02-25 09:26:00,20179.27,911.68,44662.62,49018.13
2026-02-25 09:27:00,20180.31,908.93,44663.52,49019.33
2026-02-25 09:28:00,20179.3,909.61,44663.37,49018.73
2026-02-25 09:29:00,20179.94,907.54,44664.09,49019.59
2026-02-25 09:30:00,20179.22,909.78,44663.58,49018.85
2026-02-25 09:31:00,20178.01,911.09,44662.73,49017.6
2026-02-25 09:32:00,20178.35,909.94,44662.91,49017.9
2026-02-25 09:33:00,20179.09,909.93,44662.99,49018.27
2026-02-25 09:34:00,20178.79,909.58,44662.96,49018.11
2026-02-25 09:35:00,20178.24,909.6,44662.81,49017.75
2026-02-25 09:36:00,20177.6,909.49,44662.78,49017.55
2026-02-25 09:37:00,20177.7,909.82,44662.72,49017.48
2026-02-25 09:38:00,20178.4,908.83,44663.08,49018.08
2026-02-25 09:39:00,20177.65,908.78,44662.79,49017.5
2026-02-25 09:40:00,20177.85,908.06,44663.42,49018.13
2026-02-25 09:41:00,20177.18,908.7,44663.28,49017.71
2026-02-25 09:42:00,20175.92,909.67,44662.7,49016.7
2026-02-25 09:43:00,20175.6,910.87,44662.46,49016.37
2026-02-25 09:44:00,20174.99,912.07,44661.93,49015.65
2026-02-25 09:45:00,20174.58,912.16,44661.88,49015.44
2026-02-25 09:46:00,20174.93,912.3,44661.7,49015.53
2026-02-25 09:47:00,20174.98,911.07,44661.69,49015.49
2026-02-25 09:48:00,20175.38,910.1,44661.79,49015.72
2026-02-25 09:49:00,20176.67,908.65,44662.25,49016.64
2026-02-25 09:50:00,20177.48,907.11,44662.68,49017.32
2026-02-25 09:51:00,20177.83,905.88,44662.81,49017.54
2026-02-25 09:52:00,20178.09,905.27,44662.94,49017.75
2026-02-25 09:53:00,20177.66,904.88,44663.01,49017.62
2026-02-25 09:54:00,20177.51,904.94,44662.8,49017.36
2026-02-25 09:55:00,20177.93,904.6,44662.51,49017.27
2026-02-25 09:56:00,20179.22,903.04,44662.7,49017.95
2026-02-25 09:57:00,20180.43,901.85,44663.07,49018.76
2026-02-25 09:58:00,20181.37,899.92,44663.45,49019.46
2026-02-25 09:59:00,20181.2,898.76,44663.38,49019.3
2026-02-25 10:00:00,20181.61,897.54,44663.71,49019.75
2026-02-25 10:01:00,20181.66,896.01,44664.01,49020.02
2026-02-25 10:02:00,20180.76,895.4,44663.89,49019.52
2026-02-25 10:03:00,20180.64,895.12,44663.94,49019.52
2026-02-25 10:04:00,20180.36,894.92,44663.79,49019.27
2026-02-25 10:05:00,20180.91,894.17,44664.09,49019.75
2026-02-25 10:06:00,20180.53,893.68,44664.15,49019.61
2026-02-25 10:07:00,20179.11,894.54,44663.68,49018.62
2026-02-25 10:08:00,20178.25,894.62,44663.47,49018.1
2026-02-25 10:09:00,20177.59,894.48,44663.57,49017.93
2026-02-25 10:10:00,20176.97,894.47,44663.33,49017.44
2026-02-25 10:11:00,20177.22,894.19,44663.55,49017.75
2026-02-25 10:12:00,20177.4,893.72,44663.54,49017.8
2026-02-25 10:13:00,20177.33,893.81,44663.31,49017.56
2026-02-25 10:14:00,20177.49,893.2,44663.49,49017.8
2026-02-25 10:15:00,20176.88,893.73,44663.48,49017.53
2026-02-25 10:16:00,20176.65,893.93,44663.37,49017.36
2026-02-25 10:17:00,20176.4,893.82,44663.34,49017.24
2026-02-25 10:18:00,20175.7,893.94,44662.92,49016.57
2026-02-25 10:19:00,20175.52,893.54,44663.23,49016.76
2026-02-25 10:20:00,20174.84,894.05,44663.17,49016.46
2026-02-25 10:21:00,20174.0,894.38,44662.85,49015.81
2026-02-25 10:22:00,20173.21,894.81,44662.63,49015.29
2026-02-25 10:23:00,20172.75,895.45,44662.63,49015.15
2026-02-25 10:24:00,20172.6,895.34,44662.64,49015.08
2026-02-25 10:25:00,20172.14,894.76,44662.67,49014.9
2026-02-25 10:26:00,20171.51,896.04,44662.47,49014.48
2026-02-25 10:27:00,20171.57,896.4,44662.48,49014.52
2026-02-25 10:28:00,20171.69,896.12,44662.43,49014.62
2026-02-25 10:29:00,20172.38,895.72,44662.8,49015.16
2026-02-25 10:30:00,20172.2,895.35,44662.9,49015.14
2026-02-25 10:31:00,20171.78,895.08,44662.86,49014.92
2026-02-25 10:32:00,20171.56,894.63,44662.83,49014.8
2026-02-25 10:33:00,20171.57,894.81,44663.01,49014.98
2026-02-25 10:34:00,20171.45,894.15,44663.04,49014.95
2026-02-25 10:35:00,20170.12,894.26,44662.77,49014.15
2026-02-25 10:36:00,20168.94,895.21,44662.63,49013.57
2026-02-25 10:37:00,20168.17,895.61,44662.52,49013.16
2026-02-25 10:38:00,20168.54,895.23,44662.76,49013.54
2026-02-25 10:39:00,20167.99,895.39,44662.8,49013.33
2026-02-25 10:40:00,20167.82,895.6,44662.64,49013.13
2026-02-25 10:41:00,20167.57,895.22,44662.62,49012.99
2026-02-25 10:42:00,20167.02,895.1,44662.66,49012.81
2026-02-25 10:43:00,20167.11,894.18,44662.78,49012.94
2026-02-25 10:44:00,20166.97,893.97,44662.68,49012.79
2026-02-25 10:45:00,20167.85,893.12,44662.64,49013.09
2026-02-25 10:46:00,20167.88,892.81,44662.6,49013.07
2026-02-25 10:47:00,20166.89,892.41,44662.67,49012.71
2026-02-25 10:48:00,20166.49,892.14,44662.54,49012.45
2026-02-25 10:49:00,20167.06,891.15,44662.8,49012.89
2026-02-25 10:50:00,20167.03,890.91,44662.96,49013.0
2026-02-25 10:51:00,20164.77,891.98,44662.48,49011.66
2026-02-25 10:52:00,20162.87,893.32,44662.0,49010.48
2026-02-25 10:53:00,20162.29,893.61,44661.84,49010.11
2026-02-25 10:54:00,20161.27,894.31,44661.8,49009.66
2026-02-25 10:55:00,20159.64,895.04,44661.48,49008.72
2026-02-25 10:56:00,20159.1,895.67,44661.63,49008.65
2026-02-25 10:57:00,20159.33,895.66,44661.72,49008.83
2026-02-25 10:58:00,20158.62,895.98,44661.96,49008.75
2026-02-25 10:59:00,20158.07,895.89,44661.59,49008.21
2026-02-25 11:00:00,20158.21,895.69,44661.75,49008.41
2026-02-25 11:01:00,20158.06,895.71,44661.87,49008.47
2026-02-25 11:02:00,20158.47,895.04,44661.84,49008.6
2026-02-25 11:03:00,20158.58,894.33,44661.92,49008.71
2026-02-25 11:04:00,20158.45,893.55,44662.05,49008.75
2026-02-25 11:05:00,20157.67,894.26,44661.84,49008.24
2026-02-25 11:06:00,20157.41,894.67,44661.75,49008.06
2026-02-25 11:07:00,20156.49,894.79,44661.43,49007.41
2026-02-25 11:08:00,20156.39,894.64,44661.39,49007.33
2026-02-25 11:09:00,20155.15,895.02,44661.31,49006.76
2026-02-25 11:10:00,20153.05,895.62,44660.99,49005.62
2026-02-25 11:11:00,20153.34,895.58,44661.15,49005.89
2026-02-25 11:12:00,20154.65,894.5,44661.62,49006.83
2026-02-25 11:13:00,20152.97,895.71,44661.16,49005.75
2026-02-25 11:14:00,20151.31,896.43,44660.85,49004.82
2026-02-25 11:15:00,20151.06,896.54,44660.91,49004.77
2026-02-25 11:16:00,20151.48,896.25,44660.96,49004.98
2026-02-25 11:17:00,20151.23,896.73,44660.93,49004.85
2026-02-25 11:18:00,20150.89,895.93,44660.87,49004.66
2026-02-25 11:19:00,20151.83,894.66,44661.36,49005.47
2026-02-25 11:20:00,20152.5,893.16,44661.77,49006.1
2026-02-25 11:21:00,20152.35,892.07,44661.94,49006.16
2026-02-25 11:22:00,20152.79,891.08,44662.19,49006.57
2026-02-25 11:23:00,20153.8,890.12,44662.25,49007.01
2026-02-25 11:24:00,20153.67,890.02,44662.07,49006.77
2026-02-25 11:25:00,20153.28,889.83,44661.84,49006.4
2026-02-25 11:26:00,20152.18,890.05,44661.78,49005.92
2026-02-25 11:27:00,20152.3,889.32,44662.02,49006.17
2026-02-25 11:28:00,20152.48,888.37,44662.1,49006.31
2026-02-25 11:29:00,20152.56,887.53,44662.33,49006.52
2026-02-25 11:30:00,20153.23,886.22,44662.87,49007.25
2026-02-25 11:31:00,20153.18,885.15,44662.83,49007.2
2026-02-25 11:32:00,20153.82,884.17,44663.12,49007.7
2026-02-25 11:33:00,20153.03,884.02,44662.85,49007.12
2026-02-25 11:34:00,20152.33,884.27,44662.71,49006.71
2026-02-25 11:35:00,20151.74,885.68,44662.39,49006.2
2026-02-25 11:36:00,20151.22,886.3,44661.87,49005.52
2026-02-25 11:37:00,20150.95,886.45,44661.63,49005.22
2026-02-25 11:38:00,20152.24,885.64,44661.91,49005.99
2026-02-25 11:39:00,20153.6,884.36,44662.4,49006.96
2026-02-25 11:40:00,20155.14,882.14,44662.9,49008.01
2026-02-25 11:41:00,20154.08,882.26,44662.65,49007.34
2026-02-25 11:42:00,20153.49,883.4,44662.47,49006.94
2026-02-25 11:43:00,20152.07,884.55,44661.99,49005.96
2026-02-25 11:44:00,20151.94,884.75,44661.87,49005.86
2026-02-25 11:45:00,20152.25,884.55,44661.83,49005.91
2026-02-25 11:46:00,20152.2,884.74,44661.72,49005.79
2026-02-25 11:47:00,20152.56,884.26,44661.79,49005.99
2026-02-25 11:48:00,20153.24,882.72,44661.95,49006.35
2026-02-25 11:49:00,20153.92,881.65,44662.4,49007.04
2026-02-25 11:50:00,20153.57,881.96,44662.28,49006.77
2026-02-25 11:51:00,20153.53,881.72,44662.2,49006.67
2026-02-25 11:52:00,20153.94,881.1,44662.33,49006.95
2026-02-25 11:53:00,20154.69,879.85,44662.37,49007.28
2026-02-25 11:54:00,20155.64,879.19,44662.7,49007.96
2026-02-25 11:55:00,20157.13,878.03,44662.87,49008.7
2026-02-25 11:56:00,20157.31,877.46,44662.76,49008.68
2026-02-25 11:57:00,20156.87,877.81,44662.71,49008.48
2026-02-25 11:58:00,20156.52,877.23,44662.74,49008.3
2026-02-25 11:59:00,20156.6,876.79,44662.65,49008.25
2026-02-25 12:00:00,20155.73,876.71,44662.49,49007.75
2026-02-25 12:01:00,20155.84,875.95,44662.57,49007.83
2026-02-25 12:02:00,20155.55,875.33,44662.49,49007.64
2026-02-25 12:03:00,20155.57,875.11,44662.75,49007.88
2026-02-25 12:04:00,20155.72,874.59,44662.85,49008.03
2026-02-25 12:05:00,20156.39,873.91,44662.87,49008.31
2026-02-25 12:06:00,20156.77,873.09,44662.89,49008.47
2026-02-25 12:07:00,20156.92,873.23,44662.77,49008.42
2026-02-25 12:08:00,20157.35,873.34,44662.58,49008.43
2026-02-25 12:09:00,20157.09,872.94,44662.29,49008.04
2026-02-25 12:10:00,20156.89,873.35,44661.82,49007.55
2026-02-25 12:11:00,20157.1,873.33,44661.65,49007.47
2026-02-25 12:12:00,20156.81,873.17,44661.6,49007.32
2026-02-25 12:13:00,20155.69,874.13,44661.56,49006.83
2026-02-25 12:14:00,20153.16,876.85,44660.5,49004.86
2026-02-25 12:15:00,20151.57,879.38,44659.57,49003.43
2026-02-25 12:16:00,20151.4,880.39,44659.32,49003.16
2026-02-25 12:17:00,20152.81,879.53,44659.52,49003.95
2026-02-25 12:18:00,20155.59,876.99,44660.1,49005.54
2026-02-25 12:19:00,20157.19,874.78,44660.84,49006.83
2026-02-25 12:20:00,20156.98,874.56,44660.81,49006.71
2026-02-25 12:21:00,20155.05,877.21,44659.96,49005.16
2026-02-25 12:22:00,20153.81,879.76,44658.83,49003.68
2026-02-25 12:23:00,20153.06,880.95,44658.43,49003.04
2026-02-25 12:24:00,20151.98,881.41,44657.85,49002.12
2026-02-25 12:25:00,20154.02,879.68,44658.55,49003.55
2026-02-25 12:26:00,20156.85,876.47,44659.56,49005.55
2026-02-25 12:27:00,20159.65,872.17,44660.87,49007.82
2026-02-25 12:28:00,20160.93,870.61,44661.37,49008.74
2026-02-25 12:29:00,20159.65,871.74,44660.67,49007.59
2026-02-25 12:30:00,20159.65,870.4,44660.75,49007.67
2026-02-25 12:31:00,20158.12,872.83,44660.41,49006.74
2026-02-25 12:32:00,20154.7,876.06,44658.91,49004.05
2026-02-25 12:33:00,20154.55,877.47,44658.58,49003.72
2026-02-25 12:34:00,20155.04,875.98,44658.54,49003.93
2026-02-25 12:35:00,20157.55,874.84,44659.1,49005.44
2026-02-25 12:36:00,20159.21,873.21,44659.5,49006.43
2026-02-25 12:37:00,20159.18,871.97,44659.45,49006.39
2026-02-25 12:38:00,20159.61,871.43,44659.82,49006.84
2026-02-25 12:39:00,20159.78,870.96,44659.79,49006.88
2026-02-25 12:40:00,20160.02,870.67,44659.86,49007.01
2026-02-25 12:41:00,20159.83,870.02,44659.55,49006.65
2026-02-25 12:42:00,20159.91,869.67,44659.63,49006.76
2026-02-25 12:43:00,20161.33,868.01,44660.27,49007.92
2026-02-25 12:44:00,20161.41,867.37,44660.57,49008.21
2026-02-25 12:45:00,20161.58,866.78,44660.42,49008.12
2026-02-25 12:46:00,20162.84,864.29,44660.79,49008.94
2026-02-25 12:47:00,20162.28,863.33,44660.93,49008.83
2026-02-25 12:48:00,20160.43,863.93,44660.56,49007.76
2026-02-25 12:49:00,20159.94,864.22,44660.61,49007.57
2026-02-25 12:50:00,20159.29,863.95,44660.66,49007.35
2026-02-25 12:51:00,20158.51,864.07,44660.81,49007.15
2026-02-25 12:52:00,20157.47,865.39,44660.56,49006.51
2026-02-25 12:53:00,20156.6,866.19,44660.2,49005.85
2026-02-25 12:54:00,20155.72,867.84,44659.83,49005.19
2026-02-25 12:55:00,20154.55,869.31,44659.19,49004.15
2026-02-25 12:56:00,20153.47,870.95,44658.69,49003.29
2026-02-25 12:57:00,20154.07,871.34,44658.57,49003.47
2026-02-25 12:58:00,20154.92,871.5,44658.84,49004.05
2026-02-25 12:59:00,20154.88,872.8,44658.41,49003.68
2026-02-25 13:00:00,20155.69,872.48,44658.54,49004.13
2026-02-25 13:01:00,20156.57,871.84,44658.82,49004.73
2026-02-25 13:02:00,20156.78,872.02,44658.81,49004.78
2026-02-25 13:03:00,20157.11,871.94,44659.03,49005.1
2026-02-25 13:04:00,20157.75,871.3,44659.07,49005.38
2026-02-25 13:05:00,20158.22,870.99,44659.24,49005.76
2026-02-25 13:06:00,20158.96,870.56,44659.67,49006.42
2026-02-25 13:07:00,20157.65,872.02,44659.02,49005.37
2026-02-25 13:08:00,20157.34,873.63,44658.5,49004.77
2026-02-25 13:09:00,20156.98,875.01,44658.23,49004.37
2026-02-25 13:10:00,20156.85,876.05,44657.94,49004.06
2026-02-25 13:11:00,20157.31,876.61,44657.44,49003.81
2026-02-25 13:12:00,20159.59,873.83,44658.09,49005.3
2026-02-25 13:13:00,20159.72,873.27,44658.46,49005.67
2026-02-25 13:14:00,20159.85,872.67,44658.64,49005.88
2026-02-25 13:15:00,20161.47,870.94,44659.15,49007.02
2026-02-25 13:16:00,20161.5,870.21,44659.28,49007.13
2026-02-25 13:17:00,20161.56,870.86,44659.46,49007.31
2026-02-25 13:18:00,20160.99,871.5,44658.98,49006.6
2026-02-25 13:19:00,20160.65,871.52,44658.96,49006.45
2026-02-25 13:20:00,20160.6,871.49,44658.86,49006.33
2026-02-25 13:21:00,20159.98,872.1,44658.64,49005.91
2026-02-25 13:22:00,20159.3,872.27,44658.83,49005.79
2026-02-25 13:23:00,20159.24,871.97,44658.9,49005.84
2026-02-25 13:24:00,20159.7,871.17,44659.14,49006.23
2026-02-25 13:25:00,20159.86,870.89,44659.37,49006.5
2026-02-25 13:26:00,20159.28,871.13,44659.42,49006.31
2026-02-25 13:27:00,20159.35,870.81,44659.38,49006.3
2026-02-25 13:28:00,20159.08,870.1,44659.44,49006.23
2026-02-25 13:29:00,20160.31,868.62,44660.03,49007.27
2026-02-25 13:30:00,20160.66,867.35,44660.51,49007.81
2026-02-25 13:31:00,20160.42,867.1,44660.62,49007.82
2026-02-25 13:32:00,20159.85,866.91,44660.61,49007.57
2026-02-25 13:33:00,20159.49,866.88,44660.58,49007.4
2026-02-25 13:34:00,20159.41,866.7,44660.46,49007.25
2026-02-25 13:35:00,20159.22,866.55,44660.35,49007.06
2026-02-25 13:36:00,20159.08,866.46,44660.42,49007.08
2026-02-25 13:37:00,20158.54,866.45,44660.28,49006.72
2026-02-25 13:38:00,20158.83,866.21,44660.5,49007.05
2026-02-25 13:39:00,20158.87,866.05,44660.72,49007.25
2026-02-25 13:40:00,20158.9,865.63,44660.92,49007.44
2026-02-25 13:41:00,20158.71,865.3,44660.83,49007.3
2026-02-25 13:42:00,20158.89,865.21,44661.04,49007.55
2026-02-25 13:43:00,20158.0,866.05,44660.53,49006.75
2026-02-25 13:44:00,20157.74,865.67,44660.41,49006.51
2026-02-25 13:45:00,20157.21,865.39,44660.7,49006.55
2026-02-25 13:46:00,20157.94,863.68,44661.1,49007.19
2026-02-25 13:47:00,20159.22,861.7,44661.79,49008.3
2026-02-25 13:48:00,20158.91,861.26,44661.92,49008.28
2026-02-25 13:49:00,20159.23,860.74,44662.41,49008.84
2026-02-25 13:50:00,20159.05,861.55,44662.29,49008.66
2026-02-25 13:51:00,20158.29,862.09,44661.71,49007.84
2026-02-25 13:52:00,20157.23,861.84,44661.44,49007.17
2026-02-25 13:53:00,20157.79,860.08,44662.15,49008.01
2026-02-25 13:54:00,20159.51,857.58,44663.12,49009.54
2026-02-25 13:55:00,20159.04,856.69,44663.24,49009.46
2026-02-25 13:56:00,20158.09,857.27,44663.18,49009.05
2026-02-25 13:57:00,20156.86,859.03,44662.79,49008.27
2026-02-25 13:58:00,20155.1,859.65,44662.57,49007.29
2026-02-25 13:59:00,20156.11,859.27,44662.97,49008.05
2026-02-25 14:00:00,20156.1,860.24,44662.83,49007.9
2026-02-25 14:01:00,20156.81,859.29,44662.92,49008.3
2026-02-25 14:02:00,20154.12,860.89,44662.37,49006.73
2026-02-25 14:03:00,20154.15,860.16,44662.72,49007.03
2026-02-25 14:04:00,20151.74,860.42,44662.91,49006.22
2026-02-25 14:05:00,20148.36,863.02,44662.31,49004.34
2026-02-25 14:06:00,20151.3,861.73,44662.87,49006.08
2026-02-25 14:07:00,20153.42,859.1,44663.86,49007.83
2026-02-25 14:08:00,20153.18,859.28,44664.05,49007.84
2026-02-25 14:09:00,20152.32,859.92,44663.68,49007.16
2026-02-25 14:10:00,20152.74,859.56,44663.93,49007.58
2026-02-25 14:11:00,20150.9,861.91,44663.41,49006.37
2026-02-25 14:12:00,20149.64,865.31,44662.59,49005.17
2026-02-25 14:13:00,20149.63,867.73,44661.9,49004.58
2026-02-25 14:14:00,20150.64,868.89,44661.75,49004.88
2026-02-25 14:15:00,20150.56,868.92,44661.91,49004.99
2026-02-25 14:16:00,20149.13,870.26,44661.8,49004.32
2026-02-25 14:17:00,20148.68,870.54,44661.67,49004.1
2026-02-25 14:18:00,20149.73,869.9,44662.19,49004.93
2026-02-25 14:19:00,20146.42,873.3,44661.79,49003.25
2026-02-25 14:20:00,20144.06,876.37,44661.3,49001.93
2026-02-25 14:21:00,20143.14,877.59,44661.28,49001.58
2026-02-25 14:22:00,20144.27,876.26,44662.0,49002.67
2026-02-25 14:23:00,20146.55,877.27,44662.47,49004.05
2026-02-25 14:24:00,20147.4,878.62,44662.34,49004.27
2026-02-25 14:25:00,20147.23,879.5,44662.17,49004.11
2026-02-25 14:26:00,20147.17,879.14,44662.05,49003.95
2026-02-25 14:27:00,20147.38,878.78,44662.75,49004.67
2026-02-25 14:28:00,20147.19,877.76,44663.33,49005.06
2026-02-25 14:29:00,20148.11,876.3,44664.4,49006.38
2026-02-25 14:30:00,20149.6,874.94,44665.02,49007.54
2026-02-25 14:31:00,20151.99,872.51,44666.1,49009.45
2026-02-25 14:32:00,20151.53,872.05,44666.46,49009.58
2026-02-25 14:33:00,20151.08,871.44,44666.72,49009.62
2026-02-25 14:34:00,20151.43,869.84,44667.12,49010.09
2026-02-25 14:35:00,20152.34,868.24,44667.88,49011.13
2026-02-25 14:36:00,20151.79,868.26,44667.92,49010.94
2026-02-25 14:37:00,20151.79,868.32,44668.1,49011.09
2026-02-25 14:38:00,20152.36,867.83,44668.2,49011.41
2026-02-25 14:39:00,20152.52,867.26,44668.53,49011.78
2026-02-25 14:40:00,20152.12,867.4,44668.64,49011.71
2026-02-25 14:41:00,20151.94,867.49,44668.62,49011.62
2026-02-25 14:42:00,20152.62,867.01,44668.84,49012.09
2026-02-25 14:43:00,20153.32,866.54,44669.19,49012.69
2026-02-25 14:44:00,20152.92,865.62,44669.28,49012.6
2026-02-25 14:45:00,20152.92,865.08,44669.74,49013.0
2026-02-25 14:46:00,20153.61,864.58,44670.01,49013.52
2026-02-25 14:47:00,20153.97,864.59,44670.01,49013.67
2026-02-25 14:48:00,20153.62,865.03,44669.86,49013.4
2026-02-25 14:49:00,20153.18,864.77,44669.75,49013.12
2026-02-25 14:50:00,20152.56,865.04,44669.91,49013.02
2026-02-25 14:51:00,20152.07,865.41,44670.11,49013.01
2026-02-25 14:52:00,20151.76,865.13,44669.66,49012.46
2026-02-25 14:53:00,20151.36,865.43,44669.4,49012.06
2026-02-25 14:54:00,20151.15,865.54,44669.25,49011.84
2026-02-25 14:55:00,20151.38,865.6,44669.29,49011.99
2026-02-25 14:56:00,20151.23,866.19,44669.3,49011.96
2026-02-25 14:57:00,20151.73,865.7,44669.23,49012.08
2026-02-25 14:58:00,20151.28,866.06,44669.32,49011.96
2026-02-25 14:59:00,20151.07,866.49,44669.06,49011.65
2026-02-25 15:00:00,20151.72,866.69,44669.02,49011.89
2026-02-25 15:01:00,20152.49,867.0,44669.06,49012.24
2026-02-25 15:02:00,20152.8,867.19,44668.82,49012.15
2026-02-25 15:03:00,20153.63,867.08,44668.71,49012.38
2026-02-25 15:04:00,20153.19,868.42,44668.32,49011.88
2026-02-25 15:05:00,20153.26,869.57,44668.05,49011.68
2026-02-25 15:06:00,20153.23,870.99,44667.63,49011.32
2026-02-25 15:07:00,20154.4,871.27,44667.38,49011.57
2026-02-25 15:08:00,20155.16,871.08,44667.52,49011.99
2026-02-25 15:09:00,20153.6,871.89,44667.06,49010.96
2026-02-25 15:10:00,20152.26,872.49,44666.9,49010.28
2026-02-25 15:11:00,20152.62,871.77,44667.27,49010.77
2026-02-25 15:12:00,20153.18,871.48,44667.9,49011.55
2026-02-25 15:13:00,20154.01,871.27,44668.23,49012.18
2026-02-25 15:14:00,20153.4,872.19,44668.02,49011.76
2026-02-25 15:15:00,20153.84,872.42,44667.91,49011.86
2026-02-25 15:16:00,20154.63,872.42,44668.08,49012.32
2026-02-25 15:17:00,20155.03,872.42,44668.1,49012.51
2026-02-25 15:18:00,20155.62,872.38,44668.06,49012.72
2026-02-25 15:19:00,20156.06,872.33,44667.87,49012.71
2026-02-25 15:20:00,20156.41,872.49,44667.82,49012.8
2026-02-25 15:21:00,20157.05,872.44,44667.9,49013.14
2026-02-25 15:22:00,20157.91,871.64,44668.09,49013.66
2026-02-25 15:23:00,20158.51,871.16,44668.26,49014.05
2026-02-25 15:24:00,20159.38,870.31,44668.43,49014.55
2026-02-25 15:25:00,20158.67,870.22,44668.58,49014.37
2026-02-25 15:26:00,20158.26,870.22,44668.59,49014.22
2026-02-25 15:27:00,20158.8,869.77,44668.97,49014.77
2026-02-25 15:28:00,20159.57,869.57,44669.36,49015.43
2026-02-25 15:29:00,20158.46,870.11,44668.95,49014.59
2026-02-25 15:30:00,20158.68,869.73,44669.16,49014.89
2026-02-25 15:31:00,20158.29,869.82,44669.1,49014.69
2026-02-25 15:32:00,20157.85,870.37,44668.83,49014.26
2026-02-25 15:33:00,20157.51,870.94,44668.78,49014.06
2026-02-25 15:34:00,20156.64,871.49,44668.32,49013.29
2026-02-25 15:35:00,20156.6,871.59,44668.33,49013.34
2026-02-25 15:36:00,20156.65,871.65,44668.35,49013.37
2026-02-25 15:37:00,20156.11,871.83,44668.12,49012.96
2026-02-25 15:38:00,20156.16,872.2,44668.14,49012.96
2026-02-25 15:39:00,20155.97,872.63,44668.12,49012.85
2026-02-25 15:40:00,20156.33,872.56,44668.28,49013.14
2026-02-25 15:41:00,20156.24,872.55,44668.3,49013.14
2026-02-25 15:42:00,20156.01,872.96,44667.9,49012.7
2026-02-25 15:43:00,20156.18,873.47,44667.59,49012.49
2026-02-25 15:44:00,20156.66,874.04,44667.45,49012.56
2026-02-25 15:45:00,20157.1,874.02,44667.41,49012.7
2026-02-25 15:46:00,20157.57,874.2,44667.27,49012.79
2026-02-25 15:47:00,20157.91,874.76,44667.15,49012.84
2026-02-25 15:48:00,20158.09,875.29,44667.0,49012.75
2026-02-25 15:49:00,20158.7,875.84,44667.09,49013.1
2026-02-25 15:50:00,20159.09,875.88,44666.86,49013.03
2026-02-25 15:51:00,20159.51,875.98,44666.76,49013.12
2026-02-25 15:52:00,20159.66,876.42,44666.68,49013.09
2026-02-25 15:53:00,20159.55,876.66,44666.36,49012.77
2026-02-25 15:54:00,20160.07,876.87,44666.24,49012.9
2026-02-25 15:55:00,20160.59,877.31,44666.43,49013.31
2026-02-25 15:56:00,20160.89,877.48,44666.32,49013.33
2026-02-25 15:57:00,20161.32,877.32,44666.42,49013.62
2026-02-25 15:58:00,20161.59,877.38,44666.47,49013.73
2026-02-25 15:59:00,20161.67,877.47,44666.34,49013.66
2026-02-25 16:00:00,20161.75,877.9,44666.4,49013.77
2026-02-25 16:01:00,20162.23,878.1,44666.59,49014.14
2026-02-25 16:02:00,20162.41,877.9,44666.65,49014.26
2026-02-25 16:03:00,20162.82,877.7,44666.75,49014.5
2026-02-25 16:04:00,20162.86,877.75,44666.49,49014.29
2026-02-25 16:05:00,20163.76,877.83,44666.82,49014.94
2026-02-25 16:06:00,20164.17,878.06,44666.8,49015.08
2026-02-25 16:07:00,20164.26,878.07,44666.51,49014.87
2026-02-25 16:08:00,20163.93,878.7,44666.31,49014.54
2026-02-25 16:09:00,20164.6,878.75,44666.49,49015.02
2026-02-25 16:10:00,20165.66,877.89,44666.77,49015.68
2026-02-25 16:11:00,20165.78,877.92,44666.52,49015.49
2026-02-25 16:12:00,20165.75,877.76,44666.37,49015.34
2026-02-25 16:13:00,20166.13,877.96,44666.46,49015.61
2026-02-25 16:14:00,20165.81,877.97,44666.35,49015.38
2026-02-25 16:15:00,20165.98,877.61,44666.45,49015.52
2026-02-25 16:16:00,20165.9,877.83,44666.6,49015.62
2026-02-25 16:17:00,20165.84,877.68,44666.53,49015.58
2026-02-25 16:18:00,20165.52,877.54,44666.48,49015.35
2026-02-25 16:19:00,20165.17,877.81,44666.43,49015.18
2026-02-25 16:20:00,20165.0,877.64,44666.28,49014.95
2026-02-25 16:21:00,20165.11,877.56,44666.06,49014.81
2026-02-25 16:22:00,20165.08,877.96,44665.91,49014.66
2026-02-25 16:23:00,20165.69,877.75,44666.09,49015.06
2026-02-25 16:24:00,20166.23,877.64,44666.18,49015.35
2026-02-25 16:25:00,20166.22,877.81,44665.95,49015.13
2026-02-25 16:26:00,20166.1,877.86,44665.73,49014.88
2026-02-25 16:27:00,20166.79,877.92,44665.84,49015.3
2026-02-25 16:28:00,20166.97,877.9,44665.63,49015.19
2026-02-25 16:29:00,20166.86,878.05,44665.69,49015.18
2026-02-25 16:30:00,20166.84,878.13,44665.75,49015.21
2026-02-25 16:31:00,20166.76,878.27,44665.6,49015.05
2026-02-25 16:32:00,20166.67,877.98,44665.55,49014.97
2026-02-25 16:33:00,20166.44,878.13,44665.54,49014.86
2026-02-25 16:34:00,20166.39,878.25,44665.15,49014.54
2026-02-25 16:35:00,20166.58,878.52,44665.23,49014.7
2026-02-25 16:36:00,20166.32,878.71,44665.15,49014.52
2026-02-25 16:37:00,20166.12,878.52,44664.91,49014.2
2026-02-25 16:38:00,20166.33,878.8,44665.01,49014.38
2026-02-25 16:39:00,20166.47,879.49,44665.1,49014.55
2026-02-25 16:40:00,20167.17,879.54,44665.43,49015.11
2026-02-25 16:41:00,20167.51,879.32,44665.43,49015.25
2026-02-25 16:42:00,20167.88,879.54,44665.44,49015.4
2026-02-25 16:43:00,20167.84,879.7,44665.35,49015.3
2026-02-25 16:44:00,20167.88,879.8,44665.22,49015.21
2026-02-25 16:45:00,20167.99,879.37,44665.02,49015.07
2026-02-25 16:46:00,20168.97,878.73,44665.28,49015.68
2026-02-25 16:47:00,20169.66,879.07,44665.9,49016.54
2026-02-25 16:48:00,20169.26,878.84,44665.39,49015.89
2026-02-25 16:49:00,20167.93,879.52,44664.99,49015.01
2026-02-25 16:50:00,20167.55,879.59,44665.03,49014.9
2026-02-25 16:51:00,20166.73,879.75,44664.85,49014.39
2026-02-25 16:52:00,20166.78,879.84,44665.02,49014.56
2026-02-25 16:53:00,20166.5,880.18,44665.28,49014.69
2026-02-25 16:54:00,20166.63,879.97,44665.43,49014.87
2026-02-25 16:55:00,20166.46,879.84,44665.29,49014.67
2026-02-25 16:56:00,20166.56,880.0,44665.73,49015.14
2026-02-25 16:57:00,20166.42,879.9,44665.81,49015.15
2026-02-25 16:58:00,20166.71,879.54,44666.15,49015.56
2026-02-25 16:59:00,20167.15,879.38,44666.01,49015.58
2026-02-25 17:00:00,20167.53,879.4,44665.91,49015.67
2026-02-25 17:01:00,20168.03,879.23,44666.12,49016.07
2026-02-25 17:02:00,20167.97,879.26,44666.0,49015.93
2026-02-25 17:03:00,20168.39,878.81,44666.04,49016.14
2026-02-25 17:04:00,20168.86,878.56,44666.32,49016.57
2026-02-25 17:05:00,20168.11,878.77,44665.91,49015.91
2026-02-25 17:06:00,20168.91,878.57,44666.33,49016.6
2026-02-25 17:07:00,20169.0,878.59,44666.26,49016.59
2026-02-25 17:08:00,20168.23,878.83,44666.11,49016.14
2026-02-25 17:09:00,20168.37,878.84,44666.35,49016.4
2026-02-25 17:10:00,20168.41,878.39,44666.55,49016.6
2026-02-25 17:11:00,20168.67,878.07,44666.45,49016.62
2026-02-25 17:12:00,20168.81,877.92,44666.62,49016.83
2026-02-25 17:13:00,20168.39,877.98,44666.55,49016.58
2026-02-25 17:14:00,20168.46,877.58,44666.67,49016.7
2026-02-25 17:15:00,20168.72,877.61,44666.83,49016.93
2026-02-25 17:16:00,20168.89,877.57,44667.01,49017.19
2026-02-25 17:17:00,20168.09,877.84,44666.82,49016.7
2026-02-25 17:18:00,20167.28,877.86,44666.78,49016.34
2026-02-25 17:19:00,20166.64,877.07,44666.9,49016.17
2026-02-25 17:20:00,20166.6,876.87,44667.13,49016.35
2026-02-25 17:21:00,20166.48,876.33,44667.01,49016.19
2026-02-25 17:22:00,20166.09,876.31,44666.98,49016.0
2026-02-25 17:23:00,20166.02,876.09,44667.06,49016.05
2026-02-25 17:24:00,20165.5,875.82,44667.3,49016.05
2026-02-25 17:25:00,20164.9,876.21,44666.94,49015.47
2026-02-25 17:26:00,20165.15,875.72,44667.09,49015.72
2026-02-25 17:27:00,20163.63,876.68,44666.86,49014.9
2026-02-25 17:28:00,20161.93,877.89,44666.45,49013.86
2026-02-25 17:29:00,20161.47,878.13,44666.6,49013.82
2026-02-25 17:30:00,20161.07,879.04,44666.55,49013.62
2026-02-25 17:31:00,20160.0,879.1,44666.5,49013.14
2026-02-25 17:32:00,20158.42,879.7,44666.42,49012.42
2026-02-25 17:33:00,20157.13,879.81,44666.21,49011.72
2026-02-25 17:34:00,20155.67,880.28,44666.55,49011.45
2026-02-25 17:35:00,20154.1,881.22,44666.4,49010.67
2026-02-25 17:36:00,20152.92,882.36,44666.23,49010.07
2026-02-25 17:37:00,20151.96,884.08,44666.02,49009.51
2026-02-25 17:38:00,20150.97,886.16,44665.77,49008.92
2026-02-25 17:39:00,20150.26,888.75,44665.37,49008.31
2026-02-25 17:40:00,20150.11,891.0,44665.04,49007.99
2026-02-25 17:41:00,20149.96,893.05,44664.32,49007.31
2026-02-25 17:42:00,20151.53,894.11,44664.46,49008.11
2026-02-25 17:43:00,20152.45,894.94,44664.28,49008.33
2026-02-25 17:44:00,20153.28,895.39,44664.32,49008.72
2026-02-25 17:45:00,20153.68,895.94,44664.28,49008.85
2026-02-25 17:46:00,20154.53,896.77,44664.55,49009.46
2026-02-25 17:47:00,20155.61,897.18,44664.71,49010.05
2026-02-25 17:48:00,20156.48,897.55,44665.05,49010.72
2026-02-25 17:49:00,20157.44,897.43,44665.04,49011.11
2026-02-25 17:50:00,20158.34,897.26,44665.21,49011.62
2026-02-25 17:51:00,20159.23,897.02,44665.41,49012.16
2026-02-25 17:52:00,20160.26,896.6,44665.57,49012.71
2026-02-25 17:53:00,20161.53,895.54,44665.83,49013.44
2026-02-25 17:54:00,20162.32,894.95,44666.11,49014.0
2026-02-25 17:55:00,20162.62,894.81,44666.02,49014.05
2026-02-25 17:56:00,20163.38,896.02,44665.62,49014.03
2026-02-25 17:57:00,20164.48,895.15,44665.83,49014.66
2026-02-25 17:58:00,20164.48,895.58,44665.82,49014.63
2026-02-25 17:59:00,20165.52,896.24,44665.55,49014.81
2026-02-25 18:00:00,20166.82,895.04,44665.89,49015.63
2026-02-25 18:01:00,20166.99,894.23,44666.02,49015.81
2026-02-25 18:02:00,20167.09,894.91,44666.03,49015.88
2026-02-25 18:03:00,20167.64,893.61,44666.32,49016.36
2026-02-25 18:04:00,20168.79,892.93,44666.87,49017.31
2026-02-25 18:05:00,20168.95,893.04,44666.61,49017.11
2026-02-25 18:06:00,20170.02,892.95,44666.76,49017.65
2026-02-25 18:07:00,20170.99,892.18,44666.72,49018.02
2026-02-25 18:08:00,20171.79,891.43,44666.66,49018.31
2026-02-25 18:09:00,20172.43,890.82,44666.67,49018.57
2026-02-25 18:10:00,20173.41,890.15,44666.82,49019.08
2026-02-25 18:11:00,20174.24,889.49,44667.22,49019.77
2026-02-25 18:12:00,20174.91,888.28,44667.19,49020.0
2026-02-25 18:13:00,20175.28,887.56,44667.18,49020.13
2026-02-25 18:14:00,20176.07,887.04,44667.49,49020.73
2026-02-25 18:15:00,20176.39,886.46,44667.49,49020.84
2026-02-25 18:16:00,20176.28,886.09,44667.45,49020.75
2026-02-25 18:17:00,20176.34,885.48,44667.41,49020.72
2026-02-25 18:18:00,20176.4,885.32,44667.46,49020.79
2026-02-25 18:19:00,20176.65,884.7,44667.57,49020.98
2026-02-25 18:20:00,20177.05,884.21,44667.85,49021.38
2026-02-25 18:21:00,20176.65,883.71,44667.71,49021.1
2026-02-25 18:22:00,20176.62,883.21,44667.67,49021.05
2026-02-25 18:23:00,20176.42,882.47,44667.47,49020.79
2026-02-25 18:24:00,20176.86,882.36,44667.91,49021.35
2026-02-25 18:25:00,20176.61,881.81,44667.8,49021.15
2026-02-25 18:26:00,20176.58,881.29,44667.97,49021.3
2026-02-25 18:27:00,20175.9,881.43,44667.96,49020.99
2026-02-25 18:28:00,20175.67,880.9,44667.77,49020.73
2026-02-25 18:29:00,20176.4,880.79,44668.08,49021.31
2026-02-25 18:30:00,20176.55,880.87,44667.85,49021.17
2026-02-25 18:31:00,20177.0,880.57,44667.83,49021.32
2026-02-25 18:32:00,20177.39,880.34,44667.81,49021.45
2026-02-25 18:33:00,20177.95,879.77,44667.99,49021.83
2026-02-25 18:34:00,20177.84,879.78,44667.85,49021.64
2026-02-25 18:35:00,20177.86,880.17,44667.75,49021.53
2026-02-25 18:36:00,20176.89,880.53,44667.41,49020.84
2026-02-25 18:37:00,20176.65,880.32,44667.42,49020.75
2026-02-25 18:38:00,20177.26,880.17,44667.53,49021.12
2026-02-25 18:39:00,20176.76,880.48,44667.46,49020.86
2026-02-25 18:40:00,20176.52,880.21,44667.3,49020.62
2026-02-25 18:41:00,20176.21,880.33,44667.41,49020.61
2026-02-25 18:42:00,20175.82,880.57,44667.37,49020.41
2026-02-25 18:43:00,20175.33,880.76,44667.23,49020.09
2026-02-25 18:44:00,20174.96,880.68,44667.13,49019.85
2026-02-25 18:45:00,20174.76,880.13,44667.54,49020.1
2026-02-25 18:46:00,20174.27,879.76,44667.45,49019.81
2026-02-25 18:47:00,20173.91,880.1,44667.49,49019.69
2026-02-25 18:48:00,20173.48,880.09,44667.58,49019.61
2026-02-25 18:49:00,20173.72,879.6,44667.72,49019.83
2026-02-25 18:50:00,20173.75,879.92,44667.7,49019.83
2026-02-25 18:51:00,20173.94,880.02,44667.79,49019.96
2026-02-25 18:52:00,20173.4,879.97,44667.46,49019.45
2026-02-25 18:53:00,20173.75,879.19,44667.73,49019.85
2026-02-25 18:54:00,20173.44,878.67,44667.79,49019.74
2026-02-25 18:55:00,20173.16,878.0,44667.94,49019.76
2026-02-25 18:56:00,20172.78,877.78,44668.12,49019.72
2026-02-25 18:57:00,20172.33,877.81,44668.13,49019.62
2026-02-25 18:58:00,20172.21,877.26,44668.21,49019.61
2026-02-25 18:59:00,20171.89,877.44,44668.21,49019.49
2026-02-25 19:00:00,20171.19,877.66,44668.12,49019.12
2026-02-25 19:01:00,20170.91,877.38,44667.93,49018.84
2026-02-25 19:02:00,20170.88,877.24,44668.11,49018.99
2026-02-25 19:03:00,20170.06,877.48,44667.93,49018.49
2026-02-25 19:04:00,20169.47,877.55,44667.86,49018.19
2026-02-25 19:05:00,20169.48,877.33,44668.03,49018.34
2026-02-25 19:06:00,20169.76,877.2,44668.0,49018.44
2026-02-25 19:07:00,20169.52,877.47,44667.91,49018.24
2026-02-25 19:08:00,20169.51,877.74,44667.86,49018.21
2026-02-25 19:09:00,20169.57,878.11,44667.73,49018.1
2026-02-25 19:10:00,20169.51,878.53,44667.33,49017.71
2026-02-25 19:11:00,20169.76,878.83,44667.07,49017.57
2026-02-25 19:12:00,20169.81,879.05,44667.1,49017.66
2026-02-25 19:13:00,20169.88,879.1,44667.13,49017.72
2026-02-25 19:14:00,20169.9,879.36,44667.01,49017.61
2026-02-25 19:15:00,20170.4,879.73,44666.82,49017.66
2026-02-25 19:16:00,20170.48,880.58,44666.82,49017.71
2026-02-25 19:17:00,20170.16,881.18,44666.6,49017.38
2026-02-25 19:18:00,20170.01,881.33,44666.19,49016.96
2026-02-25 19:19:00,20170.58,881.06,44666.24,49017.25
2026-02-25 19:20:00,20170.68,881.43,44666.57,49017.57
2026-02-25 19:21:00,20170.69,881.68,44666.31,49017.36
2026-02-25 19:22:00,20170.78,882.22,44666.1,49017.22
2026-02-25 19:23:00,20171.17,882.68,44665.92,49017.23
2026-02-25 19:24:00,20171.97,882.98,44666.05,49017.67
2026-02-25 19:25:00,20172.18,883.09,44666.0,49017.71
2026-02-25 19:26:00,20172.1,882.93,44666.03,49017.68
2026-02-25 19:27:00,20172.19,883.3,44665.95,49017.64
2026-02-25 19:28:00,20172.19,883.14,44666.03,49017.7
2026-02-25 19:29:00,20172.1,883.13,44666.29,49017.91
2026-02-25 19:30:00,20171.73,883.26,44666.3,49017.78
2026-02-25 19:31:00,20172.13,883.29,44666.54,49018.15
2026-02-25 19:32:00,20172.15,883.29,44666.42,49018.04
2026-02-25 19:33:00,20172.5,883.18,44666.44,49018.18
2026-02-25 19:34:00,20172.51,883.53,44666.38,49018.14
2026-02-25 19:35:00,20173.02,883.82,44666.39,49018.36
2026-02-25 19:36:00,20173.26,883.83,44666.24,49018.33
2026-02-25 19:37:00,20173.94,883.96,44666.34,49018.75
2026-02-25 19:38:00,20174.03,884.43,44666.14,49018.61
2026-02-25 19:39:00,20173.98,884.38,44666.22,49018.66
2026-02-25 19:40:00,20173.65,884.81,44666.25,49018.57
2026-02-25 19:41:00,20172.87,885.57,44666.0,49018.02
2026-02-25 19:42:00,20172.71,885.12,44666.16,49018.1
2026-02-25 19:43:00,20171.82,885.89,44666.1,49017.7
2026-02-25 19:44:00,20170.79,886.22,44666.08,49017.24
2026-02-25 19:45:00,20169.96,886.71,44666.15,49016.99
2026-02-25 19:46:00,20170.34,886.49,44666.23,49017.24
2026-02-25 19:47:00,20171.31,885.94,44666.48,49017.82
2026-02-25 19:48:00,20172.32,885.7,44666.79,49018.56
2026-02-25 19:49:00,20172.9,886.22,44666.9,49018.9
2026-02-25 19:50:00,20173.01,886.34,44666.62,49018.68
2026-02-25 19:51:00,20173.19,886.43,44666.54,49018.69
2026-02-25 19:52:00,20173.61,886.38,44666.61,49018.92
2026-02-25 19:53:00,20173.85,886.45,44666.7,49019.1
2026-02-25 19:54:00,20173.58,886.41,44666.38,49018.68
2026-02-25 19:55:00,20173.82,886.4,44666.49,49018.9
2026-02-25 19:56:00,20174.52,886.64,44666.63,49019.3
2026-02-25 19:57:00,20174.91,886.86,44666.78,49019.59
2026-02-25 19:58:00,20174.95,886.55,44666.62,49019.47
2026-02-25 19:59:00,20174.75,886.23,44666.65,49019.4
2026-02-25 20:00:00,20174.86,885.93,44666.85,49019.64
2026-02-25 20:01:00,20174.49,885.66,44666.75,49019.41
2026-02-25 20:02:00,20174.53,885.53,44667.01,49019.62
2026-02-25 20:03:00,20174.52,885.1,44667.23,49019.83
2026-02-25 20:04:00,20174.26,884.89,44667.22,49019.71
2026-02-25 20:05:00,20174.62,884.65,44667.44,49020.04
2026-02-25 20:06:00,20174.88,884.24,44667.68,49020.36
2026-02-25 20:07:00,20174.9,883.89,44667.74,49020.4
2026-02-25 20:08:00,20175.05,883.57,44667.78,49020.5
2026-02-25 20:09:00,20174.64,884.47,44667.67,49020.23
2026-02-25 20:10:00,20173.93,884.26,44667.35,49019.66
2026-02-25 20:11:00,20173.07,885.39,44667.15,49019.17
2026-02-25 20:12:00,20172.52,885.17,44667.26,49019.03
2026-02-25 20:13:00,20172.09,885.84,44667.28,49018.89
2026-02-25 20:14:00,20171.84,885.55,44667.35,49018.85
2026-02-25 20:15:00,20171.63,886.6,44667.64,49019.04
2026-02-25 20:16:00,20171.22,887.25,44667.53,49018.77
2026-02-25 20:17:00,20170.42,887.72,44667.31,49018.26
2026-02-25 20:18:00,20170.65,888.04,44667.32,49018.38
2026-02-25 20:19:00,20170.29,888.3,44667.36,49018.27
2026-02-25 20:20:00,20170.04,888.66,44667.3,49018.14
2026-02-25 20:21:00,20170.1,889.02,44667.3,49018.13
2026-02-25 20:22:00,20170.62,889.54,44667.56,49018.59
2026-02-25 20:23:00,20170.27,890.11,44667.31,49018.25
2026-02-25 20:24:00,20170.63,890.3,44667.3,49018.38
2026-02-25 20:25:00,20171.31,890.6,44667.39,49018.76
2026-02-25 20:26:00,20170.84,891.94,44667.15,49018.36
2026-02-25 20:27:00,20170.58,893.1,44667.05,49018.17
2026-02-25 20:28:00,20169.65,893.69,44666.96,49017.69
2026-02-25 20:29:00,20169.11,894.27,44666.98,49017.52
2026-02-25 20:30:00,20168.57,894.81,44666.95,49017.28
2026-02-25 20:31:00,20168.13,895.29,44667.04,49017.22
2026-02-25 20:32:00,20167.78,895.66,44667.02,49017.09
2026-02-25 20:33:00,20168.06,895.11,44667.4,49017.53
2026-02-25 20:34:00,20167.83,894.66,44667.48,49017.51
2026-02-25 20:35:00,20167.34,894.64,44667.56,49017.37
2026-02-25 20:36:00,20167.23,894.28,44667.9,49017.61
2026-02-25 20:37:00,20166.84,894.2,44668.14,49017.66
2026-02-25 20:38:00,20166.76,893.9,44668.04,49017.53
2026-02-25 20:39:00,20167.41,893.16,44668.54,49018.26
2026-02-25 20:40:00,20168.09,891.94,44668.92,49018.85
2026-02-25 20:41:00,20168.88,891.07,44669.1,49019.33
2026-02-25 20:42:00,20169.34,890.5,44669.07,49019.48
2026-02-25 20:43:00,20170.14,889.99,44669.15,49019.87
2026-02-25 20:44:00,20170.96,889.08,44669.17,49020.2
2026-02-25 20:45:00,20171.71,888.12,44669.33,49020.66
2026-02-25 20:46:00,20172.58,887.78,44670.0,49021.62
2026-02-25 20:47:00,20173.27,886.67,44669.78,49021.68
2026-02-25 20:48:00,20173.6,886.51,44669.54,49021.58
2026-02-25 20:49:00,20174.08,886.88,44669.41,49021.65
2026-02-25 20:50:00,20174.15,887.29,44669.05,49021.36
2026-02-25 20:51:00,20173.54,887.63,44668.89,49020.98
2026-02-25 20:52:00,20172.76,888.17,44668.8,49020.59
2026-02-25 20:53:00,20172.34,889.26,44668.38,49020.06
2026-02-25 20:54:00,20172.42,890.69,44667.58,49019.38
2026-02-25 20:55:00,20173.38,891.18,44667.71,49019.92
2026-02-25 20:56:00,20173.17,891.88,44667.54,49019.68
2026-02-25 20:57:00,20172.13,893.53,44666.94,49018.73
2026-02-25 20:58:00,20171.42,895.39,44666.67,49018.24
2026-02-25 20:59:00,20171.3,897.47,44666.33,49017.91
2026-02-25 21:00:00,20170.39,898.83,44666.07,49017.33
2026-02-25 21:01:00,20169.84,900.63,44665.87,49016.97
2026-02-25 21:02:00,20169.45,902.1,44665.65,49016.63
2026-02-25 21:03:00,20169.3,905.28,44665.18,49016.18
2026-02-25 21:04:00,20170.42,907.21,44664.96,49016.44
2026-02-25 21:05:00,20170.41,908.66,44664.68,49016.21
2026-02-25 21:06:00,20170.09,911.43,44664.32,49015.81
2026-02-25 21:07:00,20171.72,912.38,44664.44,49016.62
2026-02-25 21:08:00,20172.37,914.62,44663.93,49016.45
2026-02-25 21:09:00,20172.56,919.19,44663.12,49015.89
2026-02-25 21:10:00,20173.0,922.0,44662.21,49015.27
2026-02-25 21:11:00,20174.06,925.42,44661.41,49015.03
2026-02-25 21:12:00,20175.77,927.1,44661.24,49015.6
2026-02-25 21:13:00,20178.51,928.43,44661.09,49016.61
2026-02-25 21:14:00,20181.04,929.22,44661.13,49017.69
2026-02-25 21:15:00,20183.59,929.78,44660.94,49018.58
2026-02-25 21:16:00,20185.42,930.27,44660.98,49019.35
2026-02-25 21:17:00,20186.56,930.99,44660.79,49019.66
2026-02-25 21:18:00,20187.3,931.88,44660.81,49020.0
2026-02-25 21:19:00,20188.09,932.5,44660.73,49020.23
2026-02-25 21:20:00,20189.27,932.89,44660.61,49020.63
2026-02-25 21:21:00,20190.44,933.54,44660.8,49021.29
2026-02-25 21:22:00,20191.01,934.24,44660.89,49021.63
2026-02-25 21:23:00,20191.39,935.7,44660.92,49021.82
2026-02-25 21:24:00,20191.68,936.98,44660.61,49021.68
2026-02-25 21:25:00,20193.1,937.32,44660.61,49022.25
2026-02-25 21:26:00,20194.79,937.24,44660.92,49023.24
2026-02-25 21:27:00,20195.51,938.14,44661.02,49023.64
2026-02-25 21:28:00,20196.22,938.69,44661.17,49024.08
2026-02-25 21:29:00,20196.07,939.57,44661.25,49024.1
2026-02-25 21:30:00,20196.57,940.4,44661.21,49024.28
2026-02-25 21:31:00,20196.33,940.94,44660.85,49023.94
2026-02-25 21:32:00,20196.72,941.28,44661.22,49024.42
2026-02-25 21:33:00,20196.75,941.54,44661.34,49024.54
2026-02-25 21:34:00,20197.17,942.28,44661.38,49024.75
2026-02-25 21:35:00,20197.15,942.59,44661.37,49024.73
2026-02-25 21:36:00,20197.12,942.38,44661.68,49024.97
2026-02-25 21:37:00,20196.8,942.06,44661.85,49025.03
2026-02-25 21:38:00,20196.83,941.79,44662.23,49025.35
2026-02-25 21:39:00,20196.82,941.21,44662.47,49025.56
2026-02-25 21:40:00,20196.78,940.6,44662.74,49025.77
2026-02-25 21:41:00,20196.57,939.76,44662.91,49025.82
2026-02-25 21:42:00,20196.6,938.65,44663.39,49026.24
2026-02-25 21:43:00,20196.25,937.08,44663.8,49026.44
2026-02-25 21:44:00,20195.96,935.92,44664.16,49026.63
2026-02-25 21:45:00,20195.42,934.45,44664.67,49026.84
2026-02-25 21:46:00,20194.23,932.49,44665.06,49026.68
2026-02-25 21:47:00,20192.95,930.35,44665.56,49026.64
2026-02-25 21:48:00,20191.61,928.41,44666.37,49026.71
2026-02-25 21:49:00,20190.24,926.18,44666.97,49026.67
2026-02-25 21:50:00,20188.94,924.44,44667.54,49026.63
2026-02-25 21:51:00,20186.94,923.23,44668.04,49026.24
2026-02-25 21:52:00,20184.57,922.23,44668.45,49025.64
2026-02-25 21:53:00,20181.96,921.87,44668.65,49024.74
2026-02-25 21:54:00,20178.97,922.25,44668.7,49023.58
2026-02-25 21:55:00,20176.57,923.19,44668.46,49022.46
2026-02-25 21:56:00,20174.96,924.35,44668.39,49021.72
2026-02-25 21:57:00,20172.94,925.68,44667.8,49020.47
2026-02-25 21:58:00,20171.03,926.95,44667.43,49019.31
2026-02-25 21:59:00,20169.33,928.0,44667.11,49018.31
2026-02-25 22:00:00,20168.14,929.16,44666.77,49017.53
2026-02-25 22:01:00,20167.06,930.51,44666.18,49016.57
2026-02-25 22:02:00,20166.99,931.41,44665.81,49016.24
2026-02-25 22:03:00,20167.13,932.13,44665.59,49016.1
2026-02-25 22:04:00,20167.55,931.77,44665.38,49016.07
2026-02-25 22:05:00,20167.34,931.01,44665.18,49015.8
2026-02-25 22:06:00,20167.95,929.61,44665.48,49016.32
2026-02-25 22:07:00,20168.2,927.5,44665.92,49016.84
2026-02-25 22:08:00,20168.32,925.54,44666.64,49017.43
2026-02-25 22:09:00,20167.6,923.83,44666.82,49017.27
2026-02-25 22:10:00,20166.82,921.86,44667.09,49017.17
2026-02-25 22:11:00,20166.1,919.84,44667.64,49017.3
2026-02-25 22:12:00,20165.23,918.05,44668.11,49017.33
2026-02-25 22:13:00,20164.43,916.68,44668.69,49017.52
2026-02-25 22:14:00,20163.26,915.63,44669.05,49017.34
2026-02-25 22:15:00,20161.58,914.61,44669.18,49016.73
2026-02-25 22:16:00,20160.17,913.43,44669.4,49016.37
2026-02-25 22:17:00,20158.91,912.53,44669.68,49016.09
2026-02-25 22:18:00,20158.12,911.88,44669.92,49015.97
2026-02-25 22:19:00,20157.06,911.81,44669.83,49015.47
2026-02-25 22:20:00,20155.88,911.68,44669.6,49014.77
2026-02-25 22:21:00,20155.41,911.59,44669.57,49014.55
2026-02-25 22:22:00,20155.43,911.06,44669.69,49014.67
2026-02-25 22:23:00,20155.18,910.48,44669.7,49014.57
2026-02-25 22:24:00,20154.66,910.06,44669.68,49014.35
2026-02-25 22:25:00,20154.24,909.74,44669.57,49014.07
2026-02-25 22:26:00,20154.39,909.3,44669.58,49014.13
2026-02-25 22:27:00,20154.36,908.77,44669.55,49014.1
2026-02-25 22:28:00,20154.13,908.36,44669.58,49013.98
2026-02-25 22:29:00,20153.61,908.12,44669.42,49013.62
2026-02-25 22:30:00,20153.09,907.89,44669.16,49013.17
2026-02-25 22:31:00,20152.98,907.62,44669.09,49013.06
2026-02-25 22:32:00,20152.66,907.98,44668.93,49012.79
2026-02-25 22:33:00,20152.08,908.56,44668.57,49012.24
2026-02-25 22:34:00,20151.83,909.07,44668.29,49011.9
2026-02-25 22:35:00,20151.54,909.07,44668.21,49011.72
2026-02-25 22:36:00,20151.32,909.2,44668.12,49011.56
2026-02-25 22:37:00,20151.85,908.96,44668.07,49011.77
2026-02-25 22:38:00,20152.66,907.86,44668.27,49012.24
2026-02-25 22:39:00,20152.75,907.29,44668.38,49012.37
2026-02-25 22:40:00,20152.44,907.58,44668.31,49012.17
2026-02-25 22:41:00,20152.27,907.89,44668.09,49011.88
2026-02-25 22:42:00,20151.61,907.66,44667.97,49011.48
2026-02-25 22:43:00,20151.32,907.84,44667.88,49011.29
2026-02-25 22:44:00,20151.66,907.97,44667.9,49011.45
2026-02-25 22:45:00,20151.89,907.92,44667.83,49011.49
2026-02-25 22:46:00,20152.23,907.58,44667.86,49011.67
2026-02-25 22:47:00,20152.34,907.25,44667.99,49011.84
2026-02-25 22:48:00,20152.09,907.22,44667.88,49011.6
2026-02-25 22:49:00,20152.43,907.42,44667.87,49011.73
2026-02-25 22:50:00,20152.84,907.16,44667.82,49011.86
2026-02-25 22:51:00,20153.11,906.63,44667.88,49012.03
2026-02-25 22:52:00,20153.48,906.23,44668.01,49012.29
2026-02-25 22:53:00,20153.96,906.26,44667.88,49012.37
2026-02-25 22:54:00,20154.17,906.39,44667.73,49012.31
2026-02-25 22:55:00,20154.18,906.22,44667.6,49012.2
2026-02-25 22:56:00,20154.72,906.12,44667.45,49012.34
2026-02-25 22:57:00,20155.13,906.07,44667.29,49012.4
2026-02-25 22:58:00,20155.53,906.31,44667.31,49012.47
2026-02-25 22:59:00,20156.03,906.63,44667.01,49012.41
2026-02-25 23:00:00,20156.85,906.44,44666.87,49012.62
2026-02-25 23:01:00,20157.69,906.21,44666.95,49013.03
2026-02-25 23:02:00,20158.15,905.85,44666.76,49013.04
2026-02-25 23:03:00,20158.66,905.47,44666.66,49013.15
2026-02-25 23:04:00,20160.05,904.69,44666.68,49013.72
2026-02-25 23:05:00,20160.25,904.23,44666.57,49013.68
2026-02-25 23:06:00,20160.02,903.61,44666.53,49013.61
2026-02-25 23:07:00,20159.81,903.76,44666.49,49013.53
2026-02-25 23:08:00,20159.87,904.01,44666.7,49013.72
2026-02-25 23:09:00,20160.07,904.29,44666.72,49013.8
2026-02-25 23:10:00,20159.84,904.79,44666.5,49013.52
2026-02-25 23:11:00,20159.37,905.53,44666.15,49013.03
2026-02-25 23:12:00,20158.93,906.22,44666.03,49012.74
2026-02-25 23:13:00,20158.64,906.45,44665.96,49012.56
2026-02-25 23:14:00,20158.62,906.17,44666.22,49012.79
2026-02-25 23:15:00,20158.63,905.68,44666.51,49013.03
2026-02-25 23:16:00,20158.59,905.18,44666.6,49013.14
2026-02-25 23:17:00,20158.55,904.76,44666.73,49013.28
2026-02-25 23:18:00,20158.34,904.47,44666.85,49013.21
2026-02-25 23:19:00,20158.13,903.92,44667.03,49013.31
2026-02-25 23:20:00,20157.97,903.85,44667.04,49013.21
2026-02-25 23:21:00,20158.03,903.82,44667.12,49013.3
2026-02-25 23:22:00,20157.93,904.08,44667.15,49013.28
2026-02-25 23:23:00,20157.77,904.2,44667.08,49013.15
2026-02-25 23:24:00,20157.76,904.51,44666.8,49012.92
2026-02-25 23:25:00,20158.05,904.65,44666.63,49012.93
2026-02-25 23:26:00,20158.85,904.81,44666.6,49013.3
2026-02-25 23:27:00,20159.36,904.79,44666.52,49013.47
2026-02-25 23:28:00,20160.27,904.76,44666.72,49013.9
2026-02-25 23:29:00,20161.23,904.68,44666.66,49014.22
2026-02-25 23:30:00,20161.6,904.26,44666.65,49014.35
2026-02-25 23:31:00,20162.36,903.91,44666.71,49014.74
2026-02-25 23:32:00,20163.3,903.75,44666.71,49015.13
2026-02-25 23:33:00,20164.05,903.67,44666.69,49015.37
2026-02-25 23:34:00,20164.56,903.3,44666.78,49015.65
2026-02-25 23:35:00,20165.39,902.95,44666.81,49016.01
2026-02-25 23:36:00,20165.92,902.63,44666.68,49016.15
2026-02-25 23:37:00,20166.49,902.26,44666.72,49016.41
2026-02-25 23:38:00,20166.79,902.12,44666.75,49016.53
2026-02-25 23:39:00,20167.11,902.15,44666.75,49016.64
2026-02-25 23:40:00,20167.17,902.54,44666.61,49016.56
2026-02-25 23:41:00,20167.42,902.59,44666.51,49016.54
2026-02-25 23:42:00,20167.48,902.47,44666.4,49016.47
2026-02-25 23:43:00,20167.02,903.02,44666.18,49016.13
2026-02-25 23:44:00,20166.3,903.69,44665.89,49015.59
2026-02-25 23:45:00,20165.97,904.37,44665.64,49015.23
2026-02-25 23:46:00,20165.81,904.39,44665.53,49015.09
2026-02-25 23:47:00,20165.54,904.08,44665.58,49015.08
2026-02-25 23:48:00,20165.45,904.25,44665.63,49015.04
2026-02-25 23:49:00,20165.52,904.34,44665.77,49015.19
2026-02-25 23:50:00,20165.59,904.04,44665.92,49015.3
2026-02-25 23:51:00,20165.66,903.53,44666.02,49015.41
2026-02-25 23:52:00,20165.61,903.19,44666.06,49015.42
2026-02-25 23:53:00,20165.9,902.95,44666.17,49015.63
2026-02-25 23:54:00,20165.77,903.05,44666.18,49015.58
2026-02-25 23:55:00,20165.92,903.17,44666.11,49015.59
2026-02-25 23:56:00,20166.42,902.93,44666.02,49015.78
2026-02-25 23:57:00,20167.0,902.69,44666.02,49016.04
2026-02-25 23:58:00,20167.52,902.76,44666.02,49016.21
2026-02-25 23:59:00,20168.0,902.84,44665.87,49016.28
