timestamp,Bx,By,Bz,B_total
2026-08-02 00:00:00,20200.2,904.06,44669.98,49033.14
2026-08-02 00:01:00,20200.07,904.19,44669.9,49033.01
2026-08-02 00:02:00,20200.08,904.37,44669.82,49032.95
2026-08-02 00:03:00,20200.21,904.43,44669.8,49032.98
2026-08-02 00:04:00,20200.53,904.03,44669.93,49033.21
2026-08-02 00:05:00,20200.55,903.83,44670.03,49033.31
2026-08-02 00:06:00,20200.52,903.66,44670.02,49033.29
2026-08-02 00:07:00,20200.29,903.63,44670.01,49033.22
2026-08-02 00:08:00,20200.75,903.63,44670.06,49033.43
2026-08-02 00:09:00,20200.87,903.74,44670.0,49033.43
2026-08-02 00:10:00,20200.77,903.75,44669.93,49033.33
2026-08-02 00:11:00,20200.82,903.67,44669.99,49033.4
2026-08-02 00:12:00,20200.97,904.03,44669.91,49033.39
2026-08-02 00:13:00,20200.93,904.22,44669.82,49033.29
2026-08-02 00:14:00,20200.85,904.22,44669.78,49033.22
2026-08-02 00:15:00,20201.01,904.05,44669.87,49033.36
2026-08-02 00:16:00,20201.23,904.13,44669.87,49033.44
2026-08-02 00:17:00,20201.38,904.21,44669.79,49033.45
2026-08-02 00:18:00,20201.25,904.13,44669.79,49033.39
2026-08-02 00:19:00,20201.32,904.14,44669.85,49033.45
2026-08-02 00:20:00,20201.51,904.16,44669.81,49033.5
2026-08-02 00:21:00,20201.44,904.15,44669.82,49033.48
2026-08-02 00:22:00,20201.29,904.34,44669.78,49033.39
2026-08-02 00:23:00,20201.53,904.56,44669.75,49033.46
2026-08-02 00:24:00,20202.23,904.43,44669.7,49033.71
2026-08-02 00:25:00,20201.23,904.63,44669.6,49033.21
2026-08-02 00:26:00,20201.81,904.16,44669.77,49033.61
2026-08-02 00:27:00,20202.49,904.72,44669.72,49033.84
2026-08-02 00:28:00,20201.34,905.27,44669.3,49033.0
2026-08-02 00:29:00,20201.73,904.48,44669.59,49033.42
2026-08-02 00:30:00,20202.2,904.74,44669.65,49033.66
2026-08-02 00:31:00,20201.76,904.88,44669.43,49033.29
2026-08-02 00:32:00,20201.61,904.63,44669.6,49033.37
2026-08-02 00:33:00,20201.73,905.18,44669.5,49033.34
2026-08-02 00:34:00,20201.72,905.14,44669.38,49033.26
2026-08-02 00:35:00,20201.82,904.73,44669.56,49033.44
2026-08-02 00:36:00,20201.7,904.97,44669.52,49033.36
2026-08-02 00:37:00,20201.88,905.27,44669.48,49033.4
2026-08-02 00:38:00,20201.69,905.53,44669.39,49033.25
2026-08-02 00:39:00,20201.18,905.63,44669.34,49033.0
2026-08-02 00:40:00,20201.14,905.48,44669.42,49033.05
2026-08-02 00:41:00,20201.6,905.34,44669.54,49033.35
2026-08-02 00:42:00,20201.35,905.57,44669.48,49033.2
2026-08-02 00:43:00,20200.9,905.84,44669.43,49032.97
2026-08-02 00:44:00,20201.17,905.55,44669.53,49033.17
2026-08-02 00:45:00,20201.2,905.47,44669.57,49033.22
2026-08-02 00:46:00,20200.62,905.9,44669.47,49032.9
2026-08-02 00:47:00,20200.4,905.75,44669.5,49032.82
2026-08-02 00:48:00,20200.7,905.5,44669.66,49033.09
2026-08-02 00:49:00,20200.9,905.74,44669.69,49033.19
2026-08-02 00:50:00,20200.56,906.11,44669.54,49032.92
2026-08-02 00:51:00,20200.74,905.85,44669.62,49033.07
2026-08-02 00:52:00,20201.02,905.78,44669.69,49033.25
2026-08-02 00:53:00,20200.8,906.13,44669.59,49033.08
2026-08-02 00:54:00,20200.71,906.42,44669.51,49032.98
2026-08-02 00:55:00,20200.61,906.5,44669.47,49032.9
2026-08-02 00:56:00,20201.03,906.54,44669.5,49033.11
2026-08-02 00:57:00,20201.03,906.69,44669.47,49033.07
2026-08-02 00:58:00,20201.02,906.72,44669.45,49033.06
2026-08-02 00:59:00,20201.54,906.61,44669.55,49033.36
2026-08-02 01:00:00,20201.93,906.59,44669.55,49033.52
2026-08-02 01:01:00,20201.97,906.44,44669.58,49033.56
2026-08-02 01:02:00,20201.97,906.18,44669.67,49033.63
2026-08-02 01:03:00,20202.19,906.22,44669.67,49033.73
2026-08-02 01:04:00,20202.16,906.41,44669.6,49033.64
2026-08-02 01:05:00,20201.93,906.33,44669.61,49033.56
2026-08-02 01:06:00,20201.92,906.11,44669.73,49033.66
2026-08-02 01:07:00,20202.01,905.92,44669.82,49033.79
2026-08-02 01:08:00,20201.8,906.27,44669.71,49033.61
2026-08-02 01:09:00,20201.76,906.52,44669.63,49033.54
2026-08-02 01:10:00,20201.88,906.49,44669.64,49033.6
2026-08-02 01:11:00,20202.01,906.78,44669.6,49033.61
2026-08-02 01:12:00,20201.97,906.96,44669.59,49033.58
2026-08-02 01:13:00,20202.01,907.11,44669.57,49033.57
2026-08-02 01:14:00,20202.22,907.14,44669.55,49033.65
2026-08-02 01:15:00,20202.34,907.29,44669.51,49033.67
2026-08-02 01:16:00,20202.46,907.26,44669.55,49033.75
2026-08-02 01:17:00,20202.33,906.98,44669.6,49033.75
2026-08-02 01:18:00,20202.37,906.75,44669.71,49033.87
2026-08-02 01:19:00,20202.82,906.67,44669.81,49034.13
2026-08-02 01:20:00,20203.19,906.45,44669.85,49034.32
2026-08-02 01:21:00,20203.05,906.62,44669.82,49034.23
2026-08-02 01:22:00,20203.16,906.42,44669.83,49034.28
2026-08-02 01:23:00,20203.34,906.23,44669.9,49034.41
2026-08-02 01:24:00,20203.26,906.29,44669.94,49034.41
2026-08-02 01:25:00,20203.37,906.23,44669.91,49034.42
2026-08-02 01:26:00,20203.2,906.24,44669.93,49034.36
2026-08-02 01:27:00,20203.15,906.25,44669.93,49034.36
2026-08-02 01:28:00,20203.18,906.4,44669.87,49034.32
2026-08-02 01:29:00,20203.19,906.48,44669.86,49034.32
2026-08-02 01:30:00,20203.23,906.64,44669.82,49034.31
2026-08-02 01:31:00,20203.61,906.85,44669.81,49034.44
2026-08-02 01:32:00,20203.72,906.91,44669.76,49034.44
2026-08-02 01:33:00,20203.7,907.21,44669.69,49034.37
2026-08-02 01:34:00,20204.01,907.54,44669.59,49034.42
2026-08-02 01:35:00,20204.24,907.6,44669.51,49034.44
2026-08-02 01:36:00,20204.09,907.66,44669.5,49034.37
2026-08-02 01:37:00,20204.43,907.38,44669.61,49034.6
2026-08-02 01:38:00,20204.81,906.99,44669.75,49034.88
2026-08-02 01:39:00,20204.73,906.9,44669.76,49034.84
2026-08-02 01:40:00,20204.55,906.71,44669.78,49034.79
2026-08-02 01:41:00,20204.26,906.22,44669.94,49034.81
2026-08-02 01:42:00,20203.91,906.15,44670.03,49034.74
2026-08-02 01:43:00,20203.73,906.25,44670.08,49034.73
2026-08-02 01:44:00,20203.69,906.73,44670.02,49034.66
2026-08-02 01:45:00,20203.83,906.93,44669.92,49034.64
2026-08-02 01:46:00,20203.76,907.03,44669.87,49034.57
2026-08-02 01:47:00,20203.81,906.87,44669.94,49034.65
2026-08-02 01:48:00,20203.67,907.24,44669.85,49034.53
2026-08-02 01:49:00,20203.77,907.69,44669.74,49034.47
2026-08-02 01:50:00,20204.05,907.87,44669.68,49034.52
2026-08-02 01:51:00,20204.08,907.61,44669.74,49034.58
2026-08-02 01:52:00,20203.76,907.46,44669.85,49034.53
2026-08-02 01:53:00,20203.6,907.57,44669.88,49034.5
2026-08-02 01:54:00,20203.69,907.81,44669.84,49034.51
2026-08-02 01:55:00,20203.87,907.88,44669.8,49034.56
2026-08-02 01:56:00,20203.88,908.01,44669.79,49034.53
2026-08-02 01:57:00,20203.7,908.0,44669.77,49034.45
2026-08-02 01:58:00,20203.47,908.18,44669.78,49034.37
2026-08-02 01:59:00,20203.41,908.34,44669.77,49034.33
2026-08-02 02:00:00,20203.34,908.37,44669.77,49034.31
2026-08-02 02:01:00,20203.17,908.25,44669.86,49034.32
2026-08-02 02:02:00,20203.23,908.59,44669.86,49034.35
2026-08-02 02:03:00,20203.39,908.73,44669.81,49034.36
2026-08-02 02:04:00,20203.39,908.83,44669.75,49034.34
2026-08-02 02:05:00,20203.54,908.75,44669.84,49034.46
2026-08-02 02:06:00,20203.78,908.97,44669.79,49034.54
2026-08-02 02:07:00,20204.11,909.04,44669.78,49034.68
2026-08-02 02:08:00,20204.42,909.26,44669.74,49034.76
2026-08-02 02:09:00,20204.68,909.26,44669.71,49034.84
2026-08-02 02:10:00,20204.92,909.21,44669.76,49034.99
2026-08-02 02:11:00,20205.01,908.95,44669.87,49035.1
2026-08-02 02:12:00,20205.06,909.03,44669.84,49035.1
2026-08-02 02:13:00,20205.06,909.2,44669.78,49035.05
2026-08-02 02:14:00,20205.16,909.17,44669.78,49035.09
2026-08-02 02:15:00,20205.47,908.9,44669.87,49035.3
2026-08-02 02:16:00,20205.54,908.59,44669.96,49035.39
2026-08-02 02:17:00,20205.33,908.46,44670.04,49035.37
2026-08-02 02:18:00,20205.21,908.46,44670.07,49035.36
2026-08-02 02:19:00,20205.25,908.41,44670.15,49035.44
2026-08-02 02:20:00,20205.28,908.64,44670.15,49035.45
2026-08-02 02:21:00,20205.27,908.72,44670.08,49035.39
2026-08-02 02:22:00,20205.28,908.63,44670.04,49035.36
2026-08-02 02:23:00,20205.22,908.67,44670.11,49035.39
2026-08-02 02:24:00,20205.26,908.72,44670.14,49035.43
2026-08-02 02:25:00,20205.48,908.87,44670.14,49035.53
2026-08-02 02:26:00,20205.53,908.83,44670.14,49035.53
2026-08-02 02:27:00,20205.47,908.87,44670.16,49035.54
2026-08-02 02:28:00,20205.48,908.86,44670.14,49035.54
2026-08-02 02:29:00,20205.53,908.98,44670.11,49035.54
2026-08-02 02:30:00,20205.81,908.9,44670.14,49035.68
2026-08-02 02:31:00,20205.9,908.74,44670.17,49035.74
2026-08-02 02:32:00,20205.79,908.85,44670.18,49035.7
2026-08-02 02:33:00,20205.82,908.8,44670.19,49035.72
2026-08-02 02:34:00,20205.85,908.73,44670.22,49035.76
2026-08-02 02:35:00,20206.0,908.61,44670.24,49035.85
2026-08-02 02:36:00,20205.83,908.63,44670.25,49035.78
2026-08-02 02:37:00,20205.69,908.65,44670.26,49035.72
2026-08-02 02:38:00,20205.77,908.57,44670.33,49035.81
2026-08-02 02:39:00,20205.73,908.57,44670.37,49035.83
2026-08-02 02:40:00,20205.65,908.77,44670.3,49035.74
2026-08-02 02:41:00,20205.7,908.6,44670.32,49035.78
2026-08-02 02:42:00,20205.68,908.6,44670.34,49035.79
2026-08-02 02:43:00,20205.73,908.54,44670.38,49035.84
2026-08-02 02:44:00,20205.61,908.39,44670.43,49035.84
2026-08-02 02:45:00,20205.45,908.43,44670.47,49035.81
2026-08-02 02:46:00,20205.74,908.57,44670.44,49035.91
2026-08-02 02:47:00,20205.72,908.52,44670.47,49035.93
2026-08-02 02:48:00,20205.41,908.48,44670.46,49035.8
2026-08-02 02:49:00,20205.1,908.5,44670.46,49035.68
2026-08-02 02:50:00,20205.18,908.61,44670.5,49035.75
2026-08-02 02:51:00,20205.22,908.52,44670.57,49035.83
2026-08-02 02:52:00,20205.27,908.59,44670.55,49035.83
2026-08-02 02:53:00,20205.12,908.77,44670.53,49035.74
2026-08-02 02:54:00,20205.15,908.84,44670.48,49035.71
2026-08-02 02:55:00,20205.57,908.45,44670.72,49036.09
2026-08-02 02:56:00,20205.57,909.82,44670.29,49035.72
2026-08-02 02:57:00,20206.11,908.52,44670.58,49036.2
2026-08-02 02:58:00,20205.93,908.82,44670.59,49036.14
2026-08-02 02:59:00,20205.81,909.03,44670.5,49036.01
2026-08-02 03:00:00,20205.91,908.74,44670.59,49036.13
2026-08-02 03:01:00,20205.93,908.81,44670.62,49036.17
2026-08-02 03:02:00,20205.84,908.86,44670.6,49036.13
2026-08-02 03:03:00,20205.72,908.72,44670.65,49036.12
2026-08-02 03:04:00,20205.75,908.85,44670.68,49036.15
2026-08-02 03:05:00,20205.77,908.98,44670.64,49036.13
2026-08-02 03:06:00,20205.95,908.74,44670.73,49036.27
2026-08-02 03:07:00,20205.79,908.87,44670.72,49036.2
2026-08-02 03:08:00,20205.62,908.84,44670.73,49036.13
2026-08-02 03:09:00,20205.6,908.97,44670.78,49036.18
2026-08-02 03:10:00,20205.98,908.98,44670.8,49036.37
2026-08-02 03:11:00,20206.24,909.03,44670.79,49036.47
2026-08-02 03:12:00,20206.34,909.07,44670.77,49036.48
2026-08-02 03:13:00,20206.51,909.1,44670.8,49036.58
2026-08-02 03:14:00,20206.61,909.27,44670.75,49036.56
2026-08-02 03:15:00,20206.77,909.2,44670.76,49036.62
2026-08-02 03:16:00,20206.91,909.18,44670.79,49036.7
2026-08-02 03:17:00,20207.09,909.19,44670.77,49036.78
2026-08-02 03:18:00,20207.35,908.89,44670.93,49036.99
2026-08-02 03:19:00,20207.27,908.63,44671.07,49037.09
2026-08-02 03:20:00,20206.83,908.61,44671.07,49036.92
2026-08-02 03:21:00,20206.51,908.45,44671.15,49036.87
2026-08-02 03:22:00,20206.31,908.21,44671.29,49036.91
2026-08-02 03:23:00,20205.93,908.27,44671.35,49036.8
2026-08-02 03:24:00,20205.61,908.42,44671.32,49036.67
2026-08-02 03:25:00,20205.54,908.55,44671.43,49036.72
2026-08-02 03:26:00,20205.54,908.61,44671.48,49036.77
2026-08-02 03:27:00,20205.64,908.97,44671.47,49036.82
2026-08-02 03:28:00,20205.64,909.19,44671.44,49036.79
2026-08-02 03:29:00,20205.76,909.48,44671.4,49036.81
2026-08-02 03:30:00,20206.04,909.69,44671.42,49036.93
2026-08-02 03:31:00,20206.13,909.62,44671.44,49037.0
2026-08-02 03:32:00,20206.13,909.93,44671.4,49036.97
2026-08-02 03:33:00,20205.93,909.95,44671.41,49036.9
2026-08-02 03:34:00,20205.88,909.77,44671.45,49036.92
2026-08-02 03:35:00,20205.89,909.72,44671.61,49037.08
2026-08-02 03:36:00,20205.5,909.72,44671.68,49036.97
2026-08-02 03:37:00,20205.07,910.16,44671.8,49036.92
2026-08-02 03:38:00,20204.77,910.21,44671.84,49036.83
2026-08-02 03:39:00,20204.79,910.5,44671.85,49036.86
2026-08-02 03:40:00,20204.73,910.87,44671.84,49036.81
2026-08-02 03:41:00,20204.75,911.23,44671.83,49036.82
2026-08-02 03:42:00,20204.86,911.36,44671.9,49036.93
2026-08-02 03:43:00,20205.15,911.67,44671.91,49037.05
2026-08-02 03:44:00,20205.74,911.94,44671.82,49037.23
2026-08-02 03:45:00,20206.13,911.95,44671.89,49037.43
2026-08-02 03:46:00,20206.24,911.77,44671.9,49037.51
2026-08-02 03:47:00,20206.47,911.65,44672.02,49037.72
2026-08-02 03:48:00,20206.87,911.49,44672.12,49037.97
2026-08-02 03:49:00,20206.77,911.49,44672.13,49037.95
2026-08-02 03:50:00,20206.64,911.58,44672.15,49037.9
2026-08-02 03:51:00,20206.46,911.64,44672.28,49037.96
2026-08-02 03:52:00,20206.81,911.84,44672.31,49038.14
2026-08-02 03:53:00,20207.06,911.71,44672.39,49038.28
2026-08-02 03:54:00,20207.09,911.48,44672.51,49038.4
2026-08-02 03:55:00,20206.97,911.51,44672.73,49038.53
2026-08-02 03:56:00,20206.8,911.71,44672.78,49038.51
2026-08-02 03:57:00,20206.94,911.55,44672.85,49038.63
2026-08-02 03:58:00,20206.97,911.47,44672.97,49038.76
2026-08-02 03:59:00,20206.67,911.74,44673.05,49038.71
2026-08-02 04:00:00,20206.22,912.28,44673.01,49038.5
2026-08-02 04:01:00,20205.84,912.85,44672.99,49038.34
2026-08-02 04:02:00,20205.8,913.06,44673.05,49038.4
2026-08-02 04:03:00,20205.98,912.94,44673.24,49038.64
2026-08-02 04:04:00,20205.95,912.96,44673.38,49038.74
2026-08-02 04:05:00,20205.72,913.37,44673.38,49038.65
2026-08-02 04:06:00,20205.63,913.44,44673.45,49038.68
2026-08-02 04:07:00,20205.55,913.49,44673.55,49038.75
2026-08-02 04:08:00,20205.48,913.48,44673.66,49038.82
2026-08-02 04:09:00,20205.41,913.68,44673.74,49038.87
2026-08-02 04:10:00,20205.36,914.05,44673.73,49038.85
2026-08-02 04:11:00,20205.45,914.0,44673.83,49038.98
2026-08-02 04:12:00,20205.49,913.97,44673.91,49039.07
2026-08-02 04:13:00,20205.78,914.15,44673.97,49039.26
2026-08-02 04:14:00,20205.84,914.38,44673.94,49039.25
2026-08-02 04:15:00,20205.76,914.63,44673.89,49039.18
2026-08-02 04:16:00,20205.95,914.46,44673.96,49039.31
2026-08-02 04:17:00,20206.19,914.28,44674.13,49039.56
2026-08-02 04:18:00,20206.24,914.38,44674.25,49039.68
2026-08-02 04:19:00,20206.11,914.68,44674.22,49039.61
2026-08-02 04:20:00,20205.72,915.17,44674.14,49039.38
2026-08-02 04:21:00,20205.75,915.23,44674.14,49039.4
2026-08-02 04:22:00,20205.77,915.33,44674.25,49039.51
2026-08-02 04:23:00,20205.56,915.83,44674.17,49039.35
2026-08-02 04:24:00,20205.56,916.24,44674.18,49039.36
2026-08-02 04:25:00,20205.73,916.53,44674.29,49039.56
2026-08-02 04:26:00,20205.89,916.56,44674.34,49039.66
2026-08-02 04:27:00,20206.01,916.75,44674.43,49039.79
2026-08-02 04:28:00,20206.0,916.89,44674.41,49039.77
2026-08-02 04:29:00,20206.04,917.12,44674.43,49039.81
2026-08-02 04:30:00,20206.07,917.33,44674.46,49039.86
2026-08-02 04:31:00,20206.21,917.16,44674.49,49039.95
2026-08-02 04:32:00,20206.68,916.63,44674.68,49040.31
2026-08-02 04:33:00,20207.01,916.38,44674.89,49040.62
2026-08-02 04:34:00,20206.72,916.6,44674.91,49040.53
2026-08-02 04:35:00,20206.5,917.11,44674.91,49040.43
2026-08-02 04:36:00,20206.42,917.31,44674.92,49040.42
2026-08-02 04:37:00,20206.62,917.29,44675.04,49040.61
2026-08-02 04:38:00,20206.6,917.34,44675.11,49040.66
2026-08-02 04:39:00,20206.5,917.48,44675.08,49040.59
2026-08-02 04:40:00,20206.33,917.94,44675.0,49040.47
2026-08-02 04:41:00,20206.57,918.26,44675.14,49040.69
2026-08-02 04:42:00,20206.99,918.35,44675.4,49041.1
2026-08-02 04:43:00,20207.01,918.33,44675.4,49041.12
2026-08-02 04:44:00,20206.83,918.41,44675.21,49040.86
2026-08-02 04:45:00,20206.89,918.85,44675.25,49040.93
2026-08-02 04:46:00,20206.77,919.28,44675.12,49040.77
2026-08-02 04:47:00,20207.05,919.27,44675.23,49041.0
2026-08-02 04:48:00,20207.22,919.14,44675.27,49041.09
2026-08-02 04:49:00,20207.43,919.22,44675.38,49041.28
2026-08-02 04:50:00,20207.4,919.59,44675.34,49041.24
2026-08-02 04:51:00,20207.35,919.93,44675.18,49041.08
2026-08-02 04:52:00,20207.11,920.31,44675.09,49040.9
2026-08-02 04:53:00,20207.08,920.69,44675.03,49040.84
2026-08-02 04:54:00,20207.0,921.02,44674.88,49040.66
2026-08-02 04:55:00,20207.14,921.18,44674.95,49040.79
2026-08-02 04:56:00,20207.12,921.58,44675.01,49040.86
2026-08-02 04:57:00,20207.0,922.23,44674.98,49040.78
2026-08-02 04:58:00,20206.97,922.74,44674.81,49040.62
2026-08-02 04:59:00,20207.01,923.25,44674.66,49040.51
2026-08-02 05:00:00,20207.16,923.64,44674.7,49040.62
2026-08-02 05:01:00,20207.3,923.62,44674.63,49040.62
2026-08-02 05:02:00,20207.54,923.36,44674.77,49040.85
2026-08-02 05:03:00,20207.53,923.26,44674.64,49040.72
2026-08-02 05:04:00,20207.45,923.73,44674.6,49040.65
2026-08-02 05:05:00,20207.25,924.1,44674.61,49040.58
2026-08-02 05:06:00,20206.89,924.65,44674.32,49040.18
2026-08-02 05:07:00,20206.92,924.85,44674.35,49040.22
2026-08-02 05:08:00,20206.72,925.42,44674.17,49039.99
2026-08-02 05:09:00,20206.81,925.61,44674.11,49039.99
2026-08-02 05:10:00,20206.81,925.48,44673.99,49039.88
2026-08-02 05:11:00,20206.88,925.75,44674.03,49039.92
2026-08-02 05:12:00,20206.7,926.14,44673.93,49039.78
2026-08-02 05:13:00,20206.72,926.67,44673.83,49039.73
2026-08-02 05:14:00,20206.76,926.98,44673.76,49039.68
2026-08-02 05:15:00,20206.71,927.04,44673.65,49039.55
2026-08-02 05:16:00,20206.68,927.13,44673.56,49039.46
2026-08-02 05:17:00,20206.6,927.49,44673.53,49039.41
2026-08-02 05:18:00,20206.8,927.62,44673.45,49039.41
2026-08-02 05:19:00,20207.12,927.45,44673.49,49039.57
2026-08-02 05:20:00,20207.05,927.6,44673.58,49039.63
2026-08-02 05:21:00,20207.51,928.19,44673.6,49039.85
2026-08-02 05:22:00,20207.53,928.47,44673.37,49039.65
2026-08-02 05:23:00,20207.47,928.28,44673.19,49039.48
2026-08-02 05:24:00,20207.55,927.97,44673.16,49039.48
2026-08-02 05:25:00,20207.95,927.62,44673.51,49039.96
2026-08-02 05:26:00,20207.68,927.92,44673.36,49039.71
2026-08-02 05:27:00,20207.64,928.05,44673.29,49039.63
2026-08-02 05:28:00,20207.92,928.52,44673.28,49039.76
2026-08-02 05:29:00,20207.94,928.77,44673.27,49039.76
2026-08-02 05:30:00,20207.83,929.31,44673.19,49039.64
2026-08-02 05:31:00,20207.57,929.77,44672.95,49039.32
2026-08-02 05:32:00,20207.47,930.61,44672.84,49039.19
2026-08-02 05:33:00,20207.16,931.51,44672.48,49038.76
2026-08-02 05:34:00,20207.27,931.9,44672.45,49038.78
2026-08-02 05:35:00,20207.31,932.37,44672.37,49038.71
2026-08-02 05:36:00,20207.27,933.28,44672.09,49038.46
2026-08-02 05:37:00,20207.13,934.15,44671.82,49038.2
2026-08-02 05:38:00,20207.06,934.6,44671.69,49038.04
2026-08-02 05:39:00,20207.21,934.59,44671.81,49038.21
2026-08-02 05:40:00,20207.62,934.14,44672.33,49038.85
2026-08-02 05:41:00,20207.86,933.68,44672.55,49039.15
2026-08-02 05:42:00,20207.99,933.14,44672.75,49039.37
2026-08-02 05:43:00,20208.04,933.29,44672.96,49039.57
2026-08-02 05:44:00,20207.84,933.48,44672.84,49039.38
2026-08-02 05:45:00,20207.56,933.55,44672.81,49039.25
2026-08-02 05:46:00,20207.42,933.22,44672.85,49039.22
2026-08-02 05:47:00,20207.62,933.01,44673.32,49039.72
2026-08-02 05:48:00,20207.51,933.37,44673.57,49039.91
2026-08-02 05:49:00,20207.4,933.83,44673.26,49039.59
2026-08-02 05:50:00,20207.47,933.97,44673.09,49039.48
2026-08-02 05:51:00,20207.58,934.19,44673.26,49039.68
2026-08-02 05:52:00,20207.34,934.44,44673.14,49039.49
2026-08-02 05:53:00,20207.14,934.37,44673.12,49039.39
2026-08-02 05:54:00,20207.15,934.47,44673.2,49039.47
2026-08-02 05:55:00,20207.24,934.68,44673.23,49039.53
2026-08-02 05:56:00,20207.28,934.72,44673.4,49039.7
2026-08-02 05:57:00,20206.96,935.19,44673.2,49039.41
2026-08-02 05:58:00,20206.82,935.7,44673.12,49039.29
2026-08-02 05:59:00,20206.35,935.87,44673.03,49039.02
2026-08-02 06:00:00,20206.13,936.82,44672.87,49038.81
2026-08-02 06:01:00,20206.19,937.12,44672.78,49038.74
2026-08-02 06:02:00,20206.12,937.1,44672.73,49038.67
2026-08-02 06:03:00,20206.07,937.37,44672.78,49038.71
2026-08-02 06:04:00,20206.24,937.13,44672.8,49038.79
2026-08-02 06:05:00,20206.31,936.99,44672.93,49038.94
2026-08-02 06:06:00,20206.36,936.81,44673.03,49039.03
2026-08-02 06:07:00,20206.09,936.72,44673.0,49038.89
2026-08-02 06:08:00,20205.82,936.72,44673.08,49038.84
2026-08-02 06:09:00,20205.81,936.68,44673.26,49039.03
2026-08-02 06:10:00,20205.57,937.06,44673.22,49038.88
2026-08-02 06:11:00,20205.23,937.64,44673.03,49038.58
2026-08-02 06:12:00,20204.88,937.96,44672.99,49038.4
2026-08-02 06:13:00,20204.42,938.44,44672.88,49038.12
2026-08-02 06:14:00,20204.32,938.31,44672.98,49038.17
2026-08-02 06:15:00,20204.34,937.77,44673.23,49038.38
2026-08-02 06:16:00,20204.22,937.38,44673.46,49038.54
2026-08-02 06:17:00,20204.22,937.14,44673.65,49038.73
2026-08-02 06:18:00,20204.07,937.41,44673.7,49038.71
2026-08-02 06:19:00,20203.34,937.42,44673.76,49038.45
2026-08-02 06:20:00,20202.61,938.19,44673.58,49038.01
2026-08-02 06:21:00,20202.39,938.62,44673.51,49037.86
2026-08-02 06:22:00,20202.16,938.61,44673.7,49037.93
2026-08-02 06:23:00,20201.9,938.71,44673.63,49037.78
2026-08-02 06:24:00,20201.61,939.39,44673.86,49037.88
2026-08-02 06:25:00,20201.11,940.33,44673.6,49037.46
2026-08-02 06:26:00,20200.3,941.72,44673.04,49036.64
2026-08-02 06:27:00,20200.84,941.78,44673.23,49037.03
2026-08-02 06:28:00,20201.42,940.95,44673.59,49037.59
2026-08-02 06:29:00,20201.71,940.64,44673.91,49037.99
2026-08-02 06:30:00,20201.23,940.82,44673.94,49037.81
2026-08-02 06:31:00,20201.91,939.19,44674.29,49038.4
2026-08-02 06:32:00,20202.18,937.72,44674.98,49039.1
2026-08-02 06:33:00,20202.24,936.94,44675.35,49039.46
2026-08-02 06:34:00,20202.56,934.42,44675.97,49040.11
2026-08-02 06:35:00,20202.36,932.13,44676.84,49040.78
2026-08-02 06:36:00,20201.11,932.44,44677.06,49040.47
2026-08-02 06:37:00,20199.75,932.28,44676.99,49039.85
2026-08-02 06:38:00,20198.01,932.96,44676.83,49038.99
2026-08-02 06:39:00,20196.57,935.22,44676.21,49037.87
2026-08-02 06:40:00,20194.89,938.51,44675.2,49036.33
2026-08-02 06:41:00,20194.74,941.26,44674.49,49035.67
2026-08-02 06:42:00,20194.48,942.93,44673.79,49034.96
2026-08-02 06:43:00,20194.87,943.56,44673.51,49034.9
2026-08-02 06:44:00,20195.32,942.36,44673.56,49035.11
2026-08-02 06:45:00,20195.43,942.26,44673.76,49035.35
2026-08-02 06:46:00,20196.02,941.2,44674.24,49036.01
2026-08-02 06:47:00,20196.25,941.89,44674.12,49036.0
2026-08-02 06:48:00,20195.8,943.0,44674.05,49035.78
2026-08-02 06:49:00,20195.39,942.8,44673.57,49035.17
2026-08-02 06:50:00,20194.94,943.69,44673.35,49034.81
2026-08-02 06:51:00,20194.41,941.88,44673.9,49035.05
2026-08-02 06:52:00,20194.32,941.09,44674.57,49035.6
2026-08-02 06:53:00,20194.24,940.84,44674.72,49035.72
2026-08-02 06:54:00,20193.96,941.62,44674.36,49035.29
2026-08-02 06:55:00,20194.05,941.41,44674.38,49035.33
2026-08-02 06:56:00,20193.69,941.36,44674.41,49035.21
2026-08-02 06:57:00,20192.7,941.59,44674.32,49034.72
2026-08-02 06:58:00,20192.64,941.71,44674.46,49034.83
2026-08-02 06:59:00,20192.16,941.91,44674.58,49034.74
2026-08-02 07:00:00,20191.86,941.86,44674.53,49034.57
2026-08-02 07:01:00,20191.91,941.98,44674.56,49034.63
2026-08-02 07:02:00,20191.59,941.23,44674.53,49034.46
2026-08-02 07:03:00,20191.09,942.1,44674.56,49034.29
2026-08-02 07:04:00,20190.55,943.39,44674.3,49033.85
2026-08-02 07:05:00,20190.1,943.28,44674.13,49033.53
2026-08-02 07:06:00,20189.9,943.75,44673.91,49033.26
2026-08-02 07:07:00,20189.95,943.47,44673.82,49033.19
2026-08-02 07:08:00,20189.79,942.64,44674.0,49033.28
2026-08-02 07:09:00,20189.75,942.0,44674.38,49033.61
2026-08-02 07:10:00,20189.29,942.75,44674.16,49033.23
2026-08-02 07:11:00,20188.63,943.24,44673.9,49032.73
2026-08-02 07:12:00,20188.71,943.44,44673.68,49032.57
2026-08-02 07:13:00,20187.95,943.58,44673.7,49032.28
2026-08-02 07:14:00,20187.8,943.85,44673.56,49032.08
2026-08-02 07:15:00,20187.31,944.63,44673.32,49031.7
2026-08-02 07:16:00,20187.51,944.09,44673.35,49031.79
2026-08-02 07:17:00,20187.28,944.23,44673.26,49031.61
2026-08-02 07:18:00,20186.52,945.03,44672.92,49030.99
2026-08-02 07:19:00,20186.98,943.68,44673.09,49031.33
2026-08-02 07:20:00,20186.87,943.45,44673.26,49031.43
2026-08-02 07:21:00,20186.66,943.93,44673.14,49031.25
2026-08-02 07:22:00,20186.17,943.84,44672.99,49030.91
2026-08-02 07:23:00,20186.29,943.42,44672.85,49030.84
2026-08-02 07:24:00,20186.06,944.01,44672.82,49030.71
2026-08-02 07:25:00,20185.35,944.68,44672.49,49030.16
2026-08-02 07:26:00,20184.79,944.28,44672.4,49029.81
2026-08-02 07:27:00,20185.35,945.04,44672.21,49029.89
2026-08-02 07:28:00,20185.87,944.23,44672.46,49030.33
2026-08-02 07:29:00,20184.95,944.08,44672.28,49029.76
2026-08-02 07:30:00,20185.19,944.0,44672.3,49029.88
2026-08-02 07:31:00,20184.83,943.85,44672.23,49029.67
2026-08-02 07:32:00,20183.57,943.82,44672.28,49029.2
2026-08-02 07:33:00,20183.76,944.73,44672.11,49029.15
2026-08-02 07:34:00,20183.41,945.07,44671.88,49028.8
2026-08-02 07:35:00,20182.89,945.13,44671.68,49028.4
2026-08-02 07:36:00,20183.48,944.94,44671.96,49028.9
2026-08-02 07:37:00,20182.74,944.68,44671.89,49028.53
2026-08-02 07:38:00,20182.95,944.09,44671.74,49028.47
2026-08-02 07:39:00,20181.86,944.52,44671.81,49028.08
2026-08-02 07:40:00,20182.11,944.41,44671.79,49028.18
2026-08-02 07:41:00,20182.11,943.98,44671.96,49028.32
2026-08-02 07:42:00,20181.5,944.04,44671.84,49027.95
2026-08-02 07:43:00,20182.2,944.49,44671.77,49028.18
2026-08-02 07:44:00,20181.48,945.55,44671.27,49027.46
2026-08-02 07:45:00,20180.89,945.16,44671.07,49027.03
2026-08-02 07:46:00,20180.77,944.73,44671.25,49027.14
2026-08-02 07:47:00,20180.75,944.85,44671.15,49027.04
2026-08-02 07:48:00,20181.01,944.35,44671.23,49027.21
2026-08-02 07:49:00,20180.87,944.28,44671.1,49027.04
2026-08-02 07:50:00,20180.06,944.98,44670.86,49026.5
2026-08-02 07:51:00,20179.5,945.01,44670.76,49026.18
2026-08-02 07:52:00,20179.36,945.31,44670.81,49026.2
2026-08-02 07:53:00,20178.77,945.73,44670.59,49025.76
2026-08-02 07:54:00,20178.99,945.49,44670.48,49025.75
2026-08-02 07:55:00,20178.91,944.55,44670.67,49025.88
2026-08-02 07:56:00,20178.99,944.09,44670.74,49025.96
2026-08-02 07:57:00,20178.3,945.57,44670.44,49025.43
2026-08-02 07:58:00,20178.36,945.22,44670.3,49025.31
2026-08-02 07:59:00,20178.34,944.07,44670.59,49025.56
2026-08-02 08:00:00,20177.75,945.34,44670.26,49025.05
2026-08-02 08:01:00,20178.19,945.67,44670.01,49025.01
2026-08-02 08:02:00,20178.19,944.76,44670.22,49025.19
2026-08-02 08:03:00,20178.09,944.66,44670.25,49025.15
2026-08-02 08:04:00,20177.47,945.55,44669.9,49024.62
2026-08-02 08:05:00,20177.27,945.42,44669.82,49024.45
2026-08-02 08:06:00,20176.86,945.11,44669.65,49024.12
2026-08-02 08:07:00,20177.14,944.53,44669.78,49024.33
2026-08-02 08:08:00,20177.29,944.99,44669.54,49024.19
2026-08-02 08:09:00,20176.82,944.69,44669.54,49023.99
2026-08-02 08:10:00,20176.93,944.27,44669.57,49024.06
2026-08-02 08:11:00,20176.95,944.33,44669.42,49023.93
2026-08-02 08:12:00,20176.48,944.66,44669.01,49023.37
2026-08-02 08:13:00,20176.3,944.17,44669.17,49023.43
2026-08-02 08:14:00,20175.77,943.72,44669.2,49023.24
2026-08-02 08:15:00,20176.03,944.07,44669.11,49023.26
2026-08-02 08:16:00,20175.54,944.83,44668.73,49022.74
2026-08-02 08:17:00,20175.54,944.68,44668.76,49022.77
2026-08-02 08:18:00,20175.43,944.84,44668.49,49022.49
2026-08-02 08:19:00,20175.7,944.34,44668.38,49022.48
2026-08-02 08:20:00,20174.99,943.97,44668.14,49021.96
2026-08-02 08:21:00,20174.8,943.91,44668.05,49021.8
2026-08-02 08:22:00,20175.38,943.93,44668.01,49021.99
2026-08-02 08:23:00,20175.1,943.88,44667.94,49021.81
2026-08-02 08:24:00,20174.74,943.7,44667.83,49021.56
2026-08-02 08:25:00,20174.87,943.76,44667.77,49021.56
2026-08-02 08:26:00,20174.47,943.39,44667.48,49021.13
2026-08-02 08:27:00,20174.32,942.65,44667.69,49021.24
2026-08-02 08:28:00,20174.1,943.28,44667.58,49021.07
2026-08-02 08:29:00,20174.54,943.06,44667.5,49021.16
2026-08-02 08:30:00,20173.34,943.17,44667.16,49020.37
2026-08-02 08:31:00,20173.7,942.36,44667.27,49020.61
2026-08-02 08:32:00,20174.04,943.06,44667.11,49020.6
2026-08-02 08:33:00,20174.05,942.68,44666.91,49020.42
2026-08-02 08:34:00,20173.16,942.44,44666.73,49019.89
2026-08-02 08:35:00,20172.89,942.01,44666.63,49019.69
2026-08-02 08:36:00,20172.85,942.13,44666.56,49019.6
2026-08-02 08:37:00,20173.55,941.93,44666.33,49019.68
2026-08-02 08:38:00,20172.47,942.09,44666.11,49019.05
2026-08-02 08:39:00,20172.83,941.31,44666.17,49019.24
2026-08-02 08:40:00,20172.87,940.81,44666.14,49019.22
2026-08-02 08:41:00,20173.11,941.06,44665.94,49019.15
2026-08-02 08:42:00,20172.27,940.39,44665.91,49018.77
2026-08-02 08:43:00,20172.67,939.84,44665.85,49018.87
2026-08-02 08:44:00,20172.74,940.1,44665.44,49018.54
2026-08-02 08:45:00,20172.8,939.59,44665.37,49018.49
2026-08-02 08:46:00,20172.28,938.81,44665.49,49018.36
2026-08-02 08:47:00,20172.33,938.58,44665.45,49018.35
2026-08-02 08:48:00,20172.01,938.44,44665.29,49018.06
2026-08-02 08:49:00,20172.14,938.32,44664.87,49017.74
2026-08-02 08:50:00,20171.91,938.28,44664.64,49017.43
2026-08-02 08:51:00,20172.36,937.89,44664.58,49017.55
2026-08-02 08:52:00,20171.64,937.34,44664.39,49017.07
2026-08-02 08:53:00,20171.63,937.16,44664.4,49017.07
2026-08-02 08:54:00,20171.69,936.72,44664.3,49017.0
2026-08-02 08:55:00,20171.93,936.43,44664.23,49017.03
2026-08-02 08:56:00,20171.67,936.24,44664.13,49016.83
2026-08-02 08:57:00,20171.15,935.74,44664.05,49016.54
2026-08-02 08:58:00,20171.53,935.58,44663.86,49016.54
2026-08-02 08:59:00,20171.65,934.75,44663.97,49016.67
2026-08-02 09:00:00,20171.1,934.28,44663.88,49016.35
2026-08-02 09:01:00,20171.51,934.02,44663.72,49016.38
2026-08-02 09:02:00,20171.53,933.84,44663.72,49016.36
2026-08-02 09:03:00,20171.35,934.08,44663.42,49016.02
2026-08-02 09:04:00,20172.12,932.72,44663.43,49016.31
2026-08-02 09:05:00,20171.27,932.91,44663.27,49015.83
2026-08-02 09:06:00,20172.07,931.81,44663.15,49016.02
2026-08-02 09:07:00,20170.68,931.64,44662.94,49015.26
2026-08-02 09:08:00,20170.73,931.11,44663.0,49015.34
2026-08-02 09:09:00,20170.47,930.44,44663.05,49015.26
2026-08-02 09:10:00,20170.37,930.38,44662.96,49015.15
2026-08-02 09:11:00,20170.76,929.52,44663.0,49015.34
2026-08-02 09:12:00,20170.76,929.21,44662.94,49015.25
2026-08-02 09:13:00,20169.6,929.1,44662.69,49014.57
2026-08-02 09:14:00,20170.15,928.5,44662.9,49014.97
2026-08-02 09:15:00,20169.54,928.04,44662.8,49014.63
2026-08-02 09:16:00,20170.04,927.35,44662.7,49014.72
2026-08-02 09:17:00,20170.03,927.48,44662.59,49014.62
2026-08-02 09:18:00,20170.23,927.24,44662.47,49014.58
2026-08-02 09:19:00,20169.72,926.82,44662.13,49014.05
2026-08-02 09:20:00,20169.68,926.12,44662.11,49014.0
2026-08-02 09:21:00,20169.83,925.89,44662.02,49013.97
2026-08-02 09:22:00,20169.52,925.32,44661.91,49013.74
2026-08-02 09:23:00,20169.93,924.19,44662.11,49014.08
2026-08-02 09:24:00,20169.76,923.99,44662.12,49014.01
2026-08-02 09:25:00,20169.5,923.57,44662.06,49013.84
2026-08-02 09:26:00,20169.83,922.91,44661.99,49013.9
2026-08-02 09:27:00,20169.52,922.84,44661.88,49013.68
2026-08-02 09:28:00,20169.7,922.35,44661.85,49013.72
2026-08-02 09:29:00,20169.41,921.66,44661.76,49013.51
2026-08-02 09:30:00,20169.28,921.0,44661.73,49013.41
2026-08-02 09:31:00,20168.49,920.77,44661.7,49013.07
2026-08-02 09:32:00,20168.85,920.13,44661.82,49013.33
2026-08-02 09:33:00,20168.78,920.09,44661.73,49013.19
2026-08-02 09:34:00,20169.1,919.75,44661.58,49013.17
2026-08-02 09:35:00,20168.95,918.63,44661.66,49013.17
2026-08-02 09:36:00,20169.17,918.2,44661.73,49013.31
2026-08-02 09:37:00,20168.99,918.1,44661.53,49013.05
2026-08-02 09:38:00,20168.85,917.46,44661.4,49012.87
2026-08-02 09:39:00,20168.53,916.78,44661.45,49012.78
2026-08-02 09:40:00,20168.31,916.57,44661.49,49012.74
2026-08-02 09:41:00,20168.77,916.18,44661.39,49012.81
2026-08-02 09:42:00,20168.39,915.72,44661.25,49012.5
2026-08-02 09:43:00,20168.66,915.19,44661.45,49012.8
2026-08-02 09:44:00,20168.7,915.19,44661.17,49012.56
2026-08-02 09:45:00,20168.41,915.04,44660.97,49012.26
2026-08-02 09:46:00,20168.59,913.91,44661.09,49012.42
2026-08-02 09:47:00,20168.68,913.79,44660.85,49012.24
2026-08-02 09:48:00,20168.74,913.32,44660.72,49012.15
2026-08-02 09:49:00,20168.8,912.54,44660.6,49012.06
2026-08-02 09:50:00,20168.28,911.71,44660.38,49011.61
2026-08-02 09:51:00,20168.65,911.52,44660.58,49011.94
2026-08-02 09:52:00,20168.81,911.44,44660.53,49011.96
2026-08-02 09:53:00,20168.8,910.77,44660.46,49011.87
2026-08-02 09:54:00,20169.25,910.37,44660.4,49011.98
2026-08-02 09:55:00,20168.81,909.96,44660.15,49011.59
2026-08-02 09:56:00,20169.08,909.66,44660.13,49011.67
2026-08-02 09:57:00,20169.06,909.46,44660.08,49011.61
2026-08-02 09:58:00,20169.33,908.74,44659.97,49011.61
2026-08-02 09:59:00,20169.04,908.72,44659.9,49011.42
2026-08-02 10:00:00,20169.28,907.78,44659.76,49011.38
2026-08-02 10:01:00,20169.34,907.87,44659.78,49011.42
2026-08-02 10:02:00,20169.28,907.37,44659.56,49011.17
2026-08-02 10:03:00,20168.72,907.46,44659.37,49010.8
2026-08-02 10:04:00,20169.4,906.95,44659.39,49011.07
2026-08-02 10:05:00,20169.33,906.19,44659.25,49010.89
2026-08-02 10:06:00,20169.39,905.71,44659.12,49010.81
2026-08-02 10:07:00,20169.91,905.58,44658.98,49010.89
2026-08-02 10:08:00,20169.43,905.67,44658.48,49010.23
2026-08-02 10:09:00,20169.72,905.47,44658.5,49010.37
2026-08-02 10:10:00,20170.3,904.49,44658.58,49010.66
2026-08-02 10:11:00,20169.93,904.07,44658.22,49010.16
2026-08-02 10:12:00,20170.07,903.83,44658.15,49010.16
2026-08-02 10:13:00,20170.56,903.78,44658.02,49010.23
2026-08-02 10:14:00,20170.75,903.73,44657.62,49009.95
2026-08-02 10:15:00,20170.69,903.28,44657.42,49009.75
2026-08-02 10:16:00,20171.1,902.98,44657.46,49009.94
2026-08-02 10:17:00,20170.72,902.64,44657.19,49009.53
2026-08-02 10:18:00,20170.64,902.41,44657.08,49009.39
2026-08-02 10:19:00,20170.68,901.9,44656.89,49009.22
2026-08-02 10:20:00,20170.7,902.08,44656.54,49008.92
2026-08-02 10:21:00,20170.72,901.83,44656.18,49008.6
2026-08-02 10:22:00,20171.08,901.3,44656.19,49008.75
2026-08-02 10:23:00,20171.11,901.09,44656.09,49008.67
2026-08-02 10:24:00,20171.64,900.34,44656.05,49008.84
2026-08-02 10:25:00,20171.71,900.02,44656.08,49008.89
2026-08-02 10:26:00,20171.53,899.58,44655.75,49008.49
2026-08-02 10:27:00,20171.81,898.77,44655.61,49008.48
2026-08-02 10:28:00,20172.8,898.62,44655.62,49008.88
2026-08-02 10:29:00,20173.23,897.9,44655.55,49008.97
2026-08-02 10:30:00,20173.01,897.51,44655.4,49008.73
2026-08-02 10:31:00,20173.38,896.91,44655.34,49008.82
2026-08-02 10:32:00,20173.64,896.76,44655.12,49008.74
2026-08-02 10:33:00,20173.27,896.73,44654.91,49008.38
2026-08-02 10:34:00,20172.8,896.46,44654.78,49008.07
2026-08-02 10:35:00,20173.44,895.57,44654.75,49008.28
2026-08-02 10:36:00,20173.23,895.61,44654.41,49007.9
2026-08-02 10:37:00,20173.43,895.28,44654.29,49007.86
2026-08-02 10:38:00,20173.47,894.76,44654.0,49007.61
2026-08-02 10:39:00,20173.38,894.6,44653.91,49007.48
2026-08-02 10:40:00,20174.35,893.69,44654.1,49008.04
2026-08-02 10:41:00,20174.55,893.55,44654.18,49008.19
2026-08-02 10:42:00,20175.03,892.84,44654.02,49008.22
2026-08-02 10:43:00,20175.05,892.04,44653.93,49008.14
2026-08-02 10:44:00,20175.45,891.73,44653.88,49008.24
2026-08-02 10:45:00,20175.62,891.77,44653.7,49008.15
2026-08-02 10:46:00,20175.25,891.17,44653.44,49007.75
2026-08-02 10:47:00,20175.17,890.76,44653.51,49007.79
2026-08-02 10:48:00,20175.32,890.4,44653.51,49007.83
2026-08-02 10:49:00,20174.74,890.01,44653.31,49007.41
2026-08-02 10:50:00,20175.6,889.64,44653.3,49007.76
2026-08-02 10:51:00,20174.89,889.58,44652.98,49007.17
2026-08-02 10:52:00,20174.41,889.75,44652.78,49006.8
2026-08-02 10:53:00,20174.93,889.59,44652.59,49006.84
2026-08-02 10:54:00,20175.23,888.94,44652.65,49007.0
2026-08-02 10:55:00,20175.46,888.19,44652.73,49007.15
2026-08-02 10:56:00,20175.6,888.32,44652.57,49007.06
2026-08-02 10:57:00,20175.63,887.65,44652.57,49007.07
2026-08-02 10:58:00,20175.97,887.37,44652.47,49007.12
2026-08-02 10:59:00,20176.35,886.99,44652.41,49007.22
2026-08-02 11:00:00,20176.47,886.4,44652.31,49007.16
2026-08-02 11:01:00,20176.48,885.94,44652.18,49007.03
2026-08-02 11:02:00,20177.02,885.01,44652.33,49007.37
2026-08-02 11:03:00,20177.22,884.65,44652.37,49007.47
2026-08-02 11:04:00,20177.12,884.62,44652.1,49007.17
2026-08-02 11:05:00,20177.45,884.14,44652.09,49007.29
2026-08-02 11:06:00,20177.56,883.62,44652.0,49007.25
2026-08-02 11:07:00,20177.68,883.68,44651.87,49007.18
2026-08-02 11:08:00,20177.7,883.36,44651.78,49007.11
2026-08-02 11:09:00,20177.84,882.92,44651.77,49007.15
2026-08-02 11:10:00,20177.57,882.55,44651.81,49007.07
2026-08-02 11:11:00,20177.75,881.94,44651.75,49007.08
2026-08-02 11:12:00,20178.59,881.96,44651.79,49007.47
2026-08-02 11:13:00,20178.7,881.13,44651.86,49007.56
2026-08-02 11:14:00,20179.05,880.94,44651.89,49007.74
2026-08-02 11:15:00,20178.78,880.69,44651.87,49007.62
2026-08-02 11:16:00,20178.46,880.56,44651.94,49007.57
2026-08-02 11:17:00,20178.39,880.17,44651.89,49007.51
2026-08-02 11:18:00,20178.68,879.76,44651.82,49007.53
2026-08-02 11:19:00,20178.54,879.21,44651.99,49007.61
2026-08-02 11:20:00,20178.15,878.99,44651.99,49007.46
2026-08-02 11:21:00,20178.56,879.01,44651.91,49007.54
2026-08-02 11:22:00,20177.86,878.6,44651.91,49007.24
2026-08-02 11:23:00,20178.1,878.5,44651.9,49007.33
2026-08-02 11:24:00,20177.75,878.57,44651.89,49007.19
2026-08-02 11:25:00,20178.06,878.57,44651.86,49007.27
2026-08-02 11:26:00,20178.56,878.33,44651.69,49007.32
2026-08-02 11:27:00,20178.49,877.84,44651.74,49007.33
2026-08-02 11:28:00,20178.89,877.58,44651.81,49007.55
2026-08-02 11:29:00,20178.79,877.04,44651.75,49007.44
2026-08-02 11:30:00,20178.95,876.71,44651.67,49007.43
2026-08-02 11:31:00,20178.84,876.86,44651.64,49007.36
2026-08-02 11:32:00,20179.14,876.7,44651.72,49007.56
2026-08-02 11:33:00,20178.39,876.82,44651.53,49007.09
2026-08-02 11:34:00,20177.89,876.87,44651.44,49006.83
2026-08-02 11:35:00,20178.49,876.55,44651.47,49007.09
2026-08-02 11:36:00,20178.41,876.59,44651.54,49007.09
2026-08-02 11:37:00,20178.9,876.07,44651.55,49007.33
2026-08-02 11:38:00,20179.87,875.56,44651.62,49007.77
2026-08-02 11:39:00,20180.23,875.1,44651.75,49008.03
2026-08-02 11:40:00,20179.7,874.66,44651.77,49007.83
2026-08-02 11:41:00,20180.2,874.11,44652.13,49008.34
2026-08-02 11:42:00,20179.45,874.22,44651.92,49007.86
2026-08-02 11:43:00,20180.1,874.06,44652.08,49008.26
2026-08-02 11:44:00,20179.89,874.24,44651.99,49008.09
2026-08-02 11:45:00,20178.77,874.3,44651.74,49007.39
2026-08-02 11:46:00,20179.13,874.12,44651.82,49007.61
2026-08-02 11:47:00,20180.79,873.59,44652.16,49008.55
2026-08-02 11:48:00,20180.85,873.65,44652.25,49008.67
2026-08-02 11:49:00,20180.62,872.81,44651.82,49008.18
2026-08-02 11:50:00,20180.39,872.8,44651.78,49008.05
2026-08-02 11:51:00,20180.77,872.56,44651.9,49008.29
2026-08-02 11:52:00,20180.43,872.46,44651.74,49008.02
2026-08-02 11:53:00,20180.96,872.51,44651.59,49008.11
2026-08-02 11:54:00,20181.06,871.67,44651.59,49008.15
2026-08-02 11:55:00,20180.37,872.19,44651.51,49007.78
2026-08-02 11:56:00,20180.85,871.79,44651.61,49008.05
2026-08-02 11:57:00,20180.38,871.73,44651.31,49007.6
2026-08-02 11:58:00,20180.88,871.45,44651.22,49007.72
2026-08-02 11:59:00,20180.61,871.48,44651.07,49007.46
2026-08-02 12:00:00,20180.7,871.34,44650.95,49007.4
2026-08-02 12:01:00,20180.52,871.12,44650.83,49007.22
2026-08-02 12:02:00,20181.03,870.87,44650.99,49007.53
2026-08-02 12:03:00,20180.69,870.49,44650.89,49007.27
2026-08-02 12:04:00,20180.29,870.8,44650.7,49006.94
2026-08-02 12:05:00,20181.58,870.47,44650.63,49007.4
2026-08-02 12:06:00,20181.61,870.01,44650.54,49007.31
2026-08-02 12:07:00,20181.86,869.73,44650.47,49007.35
2026-08-02 12:08:00,20182.77,869.31,44650.33,49007.62
2026-08-02 12:09:00,20183.17,868.89,44650.18,49007.66
2026-08-02 12:10:00,20183.42,868.02,44650.28,49007.84
2026-08-02 12:11:00,20184.54,867.54,44650.2,49008.2
2026-08-02 12:12:00,20183.81,867.49,44649.96,49007.7
2026-08-02 12:13:00,20183.64,867.51,44649.96,49007.61
2026-08-02 12:14:00,20182.71,867.47,44649.81,49007.11
2026-08-02 12:15:00,20182.84,866.96,44649.84,49007.21
2026-08-02 12:16:00,20183.36,866.61,44649.89,49007.47
2026-08-02 12:17:00,20183.1,866.52,44649.79,49007.26
2026-08-02 12:18:00,20183.59,866.37,44649.71,49007.39
2026-08-02 12:19:00,20184.37,866.17,44649.65,49007.66
2026-08-02 12:20:00,20184.39,865.85,44649.65,49007.65
2026-08-02 12:21:00,20184.09,866.14,44649.25,49007.18
2026-08-02 12:22:00,20185.5,865.59,44649.37,49007.86
2026-08-02 12:23:00,20185.61,864.57,44649.65,49008.15
2026-08-02 12:24:00,20185.02,864.73,44649.64,49007.9
2026-08-02 12:25:00,20186.12,864.21,44649.44,49008.16
2026-08-02 12:26:00,20186.72,864.96,44649.0,49008.02
2026-08-02 12:27:00,20195.34,865.07,44648.54,49011.11
2026-08-02 12:28:00,20197.47,862.51,44648.21,49011.64
2026-08-02 12:29:00,20203.1,861.51,44648.38,49014.09
2026-08-02 12:30:00,20209.86,858.95,44648.07,49016.5
2026-08-02 12:31:00,20215.88,854.58,44648.71,49019.48
2026-08-02 12:32:00,20220.89,849.95,44649.62,49022.25
2026-08-02 12:33:00,20221.11,846.96,44649.64,49022.32
2026-08-02 12:34:00,20218.67,846.67,44649.31,49021.0
2026-08-02 12:35:00,20217.27,846.41,44649.06,49020.21
2026-08-02 12:36:00,20217.26,845.81,44649.37,49020.46
2026-08-02 12:37:00,20219.61,843.91,44649.94,49021.92
2026-08-02 12:38:00,20220.51,843.17,44649.96,49022.29
2026-08-02 12:39:00,20220.49,843.07,44649.56,49021.92
2026-08-02 12:40:00,20221.27,842.82,44649.82,49022.49
2026-08-02 12:41:00,20223.34,841.99,44650.1,49023.58
2026-08-02 12:42:00,20223.53,840.94,44650.35,49023.85
2026-08-02 12:43:00,20222.45,840.91,44650.36,49023.42
2026-08-02 12:44:00,20223.67,839.76,44650.67,49024.18
2026-08-02 12:45:00,20224.62,838.86,44650.8,49024.65
2026-08-02 12:46:00,20224.08,838.97,44651.07,49024.65
2026-08-02 12:47:00,20223.64,838.96,44651.15,49024.53
2026-08-02 12:48:00,20223.48,838.8,44650.92,49024.29
2026-08-02 12:49:00,20223.52,838.01,44651.12,49024.46
2026-08-02 12:50:00,20222.87,837.78,44651.29,49024.36
2026-08-02 12:51:00,20224.29,837.93,44651.44,49025.09
2026-08-02 12:52:00,20225.12,837.94,44651.5,49025.44
2026-08-02 12:53:00,20224.29,838.29,44651.2,49024.83
2026-08-02 12:54:00,20224.07,838.0,44651.23,49024.78
2026-08-02 12:55:00,20224.95,836.59,44651.76,49025.63
2026-08-02 12:56:00,20226.04,834.9,44652.5,49026.7
2026-08-02 12:57:00,20223.02,835.4,44652.41,49025.39
2026-08-02 12:58:00,20219.06,836.84,44652.07,49023.49
2026-08-02 12:59:00,20216.88,838.78,44651.82,49022.4
2026-08-02 13:00:00,20214.81,839.18,44651.6,49021.33
2026-08-02 13:01:00,20213.8,839.56,44651.64,49020.97
2026-08-02 13:02:00,20212.12,840.77,44651.52,49020.2
2026-08-02 13:03:00,20210.29,842.22,44651.22,49019.19
2026-08-02 13:04:00,20207.52,842.98,44650.84,49017.74
2026-08-02 13:05:00,20204.6,843.61,44650.77,49016.51
2026-08-02 13:06:00,20203.41,844.63,44650.64,49015.93
2026-08-02 13:07:00,20201.81,845.25,44650.55,49015.22
2026-08-02 13:08:00,20200.75,844.74,44650.91,49015.1
2026-08-02 13:09:00,20198.53,845.89,44650.89,49014.17
2026-08-02 13:10:00,20197.75,846.74,44650.57,49013.58
2026-08-02 13:11:00,20196.91,846.73,44650.43,49013.12
2026-08-02 13:12:00,20196.88,846.28,44650.74,49013.39
2026-08-02 13:13:00,20196.86,846.72,44650.89,49013.52
2026-08-02 13:14:00,20196.79,846.73,44651.05,49013.64
2026-08-02 13:15:00,20197.31,846.2,44651.25,49014.02
2026-08-02 13:16:00,20197.3,846.3,44651.28,49014.06
2026-08-02 13:17:00,20198.13,846.01,44651.61,49014.68
2026-08-02 13:18:00,20197.67,845.73,44651.59,49014.48
2026-08-02 13:19:00,20197.1,846.5,44651.49,49014.15
2026-08-02 13:20:00,20194.75,847.8,44650.97,49012.72
2026-08-02 13:21:00,20195.71,848.44,44650.98,49013.16
2026-08-02 13:22:00,20196.98,847.53,44651.5,49014.13
2026-08-02 13:23:00,20194.95,847.35,44651.58,49013.34
2026-08-02 13:24:00,20194.49,847.57,44651.97,49013.52
2026-08-02 13:25:00,20195.0,848.22,44652.12,49013.87
2026-08-02 13:26:00,20195.15,847.31,44652.25,49014.05
2026-08-02 13:27:00,20194.93,847.15,44652.57,49014.26
2026-08-02 13:28:00,20195.09,847.57,44652.96,49014.67
2026-08-02 13:29:00,20194.13,848.53,44652.96,49014.28
2026-08-02 13:30:00,20193.54,849.13,44652.88,49013.98
2026-08-02 13:31:00,20193.96,848.85,44653.18,49014.43
2026-08-02 13:32:00,20193.87,848.29,44653.69,49014.87
2026-08-02 13:33:00,20193.16,848.42,44654.06,49014.92
2026-08-02 13:34:00,20193.25,849.14,44654.23,49015.1
2026-08-02 13:35:00,20194.5,849.34,44654.4,49015.75
2026-08-02 13:36:00,20194.2,849.24,44654.57,49015.78
2026-08-02 13:37:00,20193.87,849.27,44654.91,49015.97
2026-08-02 13:38:00,20194.31,849.49,44655.07,49016.29
2026-08-02 13:39:00,20194.37,849.64,44655.0,49016.24
2026-08-02 13:40:00,20194.95,849.21,44655.62,49017.02
2026-08-02 13:41:00,20194.52,848.94,44656.05,49017.24
2026-08-02 13:42:00,20193.61,849.14,44656.06,49016.87
2026-08-02 13:43:00,20193.66,849.59,44656.23,49017.06
2026-08-02 13:44:00,20193.46,849.91,44656.27,49017.0
2026-08-02 13:45:00,20192.75,849.91,44656.33,49016.77
2026-08-02 13:46:00,20192.88,850.32,44656.42,49016.94
2026-08-02 13:47:00,20193.6,850.41,44656.61,49017.42
2026-08-02 13:48:00,20193.71,850.44,44656.74,49017.58
2026-08-02 13:49:00,20193.46,850.85,44656.83,49017.57
2026-08-02 13:50:00,20192.97,850.89,44656.71,49017.28
2026-08-02 13:51:00,20192.66,851.03,44656.85,49017.29
2026-08-02 13:52:00,20193.42,851.31,44657.17,49017.88
2026-08-02 13:53:00,20193.76,851.5,44657.07,49017.95
2026-08-02 13:54:00,20192.67,851.72,44656.92,49017.38
2026-08-02 13:55:00,20191.49,852.64,44657.03,49016.99
2026-08-02 13:56:00,20191.01,853.18,44657.03,49016.79
2026-08-02 13:57:00,20190.5,853.94,44656.8,49016.43
2026-08-02 13:58:00,20191.01,854.38,44656.84,49016.68
2026-08-02 13:59:00,20191.14,854.51,44656.86,49016.74
2026-08-02 14:00:00,20190.24,854.67,44656.84,49016.35
2026-08-02 14:01:00,20189.91,854.53,44657.07,49016.41
2026-08-02 14:02:00,20189.61,855.25,44656.93,49016.18
2026-08-02 14:03:00,20189.76,854.82,44656.87,49016.19
2026-08-02 14:04:00,20191.5,854.36,44657.17,49017.18
2026-08-02 14:05:00,20191.06,854.2,44657.22,49017.02
2026-08-02 14:06:00,20192.0,854.72,44656.97,49017.18
2026-08-02 14:07:00,20193.25,854.14,44657.01,49017.72
2026-08-02 14:08:00,20193.57,854.42,44656.89,49017.77
2026-08-02 14:09:00,20194.49,853.57,44656.91,49018.15
2026-08-02 14:10:00,20196.14,852.1,44657.14,49019.0
2026-08-02 14:11:00,20200.62,850.45,44657.68,49021.31
2026-08-02 14:12:00,20205.41,847.66,44658.4,49023.86
2026-08-02 14:13:00,20206.69,844.8,44659.15,49025.01
2026-08-02 14:14:00,20206.58,843.84,44659.32,49025.1
2026-08-02 14:15:00,20205.9,843.43,44659.48,49024.95
2026-08-02 14:16:00,20204.29,843.97,44659.31,49024.17
2026-08-02 14:17:00,20202.73,844.54,44659.06,49023.31
2026-08-02 14:18:00,20202.57,845.63,44658.9,49023.11
2026-08-02 14:19:00,20200.6,845.96,44658.62,49022.06
2026-08-02 14:20:00,20200.32,846.44,44658.67,49022.0
2026-08-02 14:21:00,20202.3,846.4,44658.84,49022.95
2026-08-02 14:22:00,20205.24,845.59,44659.18,49024.45
2026-08-02 14:23:00,20205.19,844.94,44659.19,49024.43
2026-08-02 14:24:00,20206.28,844.72,44659.62,49025.28
2026-08-02 14:25:00,20205.69,845.01,44659.42,49024.84
2026-08-02 14:26:00,20203.49,846.09,44658.85,49023.45
2026-08-02 14:27:00,20201.46,846.63,44658.99,49022.78
2026-08-02 14:28:00,20201.05,847.03,44659.15,49022.77
2026-08-02 14:29:00,20198.34,848.45,44659.26,49021.77
2026-08-02 14:30:00,20196.94,848.86,44659.34,49021.25
2026-08-02 14:31:00,20194.98,850.6,44659.09,49020.27
2026-08-02 14:32:00,20195.76,851.76,44658.96,49020.5
2026-08-02 14:33:00,20195.02,852.6,44658.85,49020.11
2026-08-02 14:34:00,20192.28,854.48,44658.36,49018.58
2026-08-02 14:35:00,20191.69,855.29,44658.42,49018.4
2026-08-02 14:36:00,20190.79,855.24,44658.66,49018.25
2026-08-02 14:37:00,20189.78,855.7,44658.73,49017.89
2026-08-02 14:38:00,20188.59,856.67,44658.58,49017.29
2026-08-02 14:39:00,20189.35,857.07,44658.68,49017.72
2026-08-02 14:40:00,20190.95,856.82,44659.3,49018.92
2026-08-02 14:41:00,20191.77,856.13,44659.74,49019.65
2026-08-02 14:42:00,20193.06,855.66,44660.05,49020.45
2026-08-02 14:43:00,20193.56,854.99,44660.3,49020.86
2026-08-02 14:44:00,20193.74,854.53,44660.51,49021.12
2026-08-02 14:45:00,20194.23,854.23,44660.77,49021.55
2026-08-02 14:46:00,20194.83,853.97,44661.02,49022.01
2026-08-02 14:47:00,20195.18,853.9,44661.49,49022.59
2026-08-02 14:48:00,20196.19,853.63,44661.83,49023.31
2026-08-02 14:49:00,20197.02,853.76,44661.93,49023.73
2026-08-02 14:50:00,20196.7,853.77,44662.08,49023.75
2026-08-02 14:51:00,20196.38,854.41,44662.37,49023.87
2026-08-02 14:52:00,20194.68,855.36,44662.44,49023.25
2026-08-02 14:53:00,20194.48,855.53,44662.49,49023.22
2026-08-02 14:54:00,20194.3,855.91,44662.47,49023.16
2026-08-02 14:55:00,20194.46,855.83,44662.8,49023.53
2026-08-02 14:56:00,20195.41,855.75,44663.44,49024.49
2026-08-02 14:57:00,20195.44,855.53,44663.75,49024.79
2026-08-02 14:58:00,20195.99,856.05,44664.04,49025.25
2026-08-02 14:59:00,20195.05,856.74,44664.12,49024.96
2026-08-02 15:00:00,20195.35,857.29,44664.28,49025.25
2026-08-02 15:01:00,20195.24,857.9,44664.48,49025.4
2026-08-02 15:02:00,20195.19,858.36,44664.63,49025.53
2026-08-02 15:03:00,20194.64,858.91,44664.67,49025.35
2026-08-02 15:04:00,20195.48,859.19,44665.13,49026.12
2026-08-02 15:05:00,20194.1,859.82,44665.23,49025.66
2026-08-02 15:06:00,20195.21,859.87,44665.41,49026.28
2026-08-02 15:07:00,20196.17,859.83,44665.64,49026.9
2026-08-02 15:08:00,20201.13,858.17,44666.36,49029.56
2026-08-02 15:09:00,20203.66,856.93,44666.95,49031.1
2026-08-02 15:10:00,20208.43,855.3,44667.87,49033.87
2026-08-02 15:11:00,20210.42,854.52,44668.12,49034.89
2026-08-02 15:12:00,20214.35,853.85,44668.87,49037.17
2026-08-02 15:13:00,20214.34,852.8,44669.46,49037.65
2026-08-02 15:14:00,20215.43,853.51,44669.75,49038.38
2026-08-02 15:15:00,20212.75,855.04,44669.52,49037.08
2026-08-02 15:16:00,20211.34,856.31,44669.52,49036.56
2026-08-02 15:17:00,20213.28,856.09,44670.23,49037.96
2026-08-02 15:18:00,20214.1,855.63,44670.7,49038.68
2026-08-02 15:19:00,20214.63,855.99,44670.89,49039.1
2026-08-02 15:20:00,20215.39,855.56,44671.28,49039.74
2026-08-02 15:21:00,20215.88,854.92,44671.85,49040.44
2026-08-02 15:22:00,20214.25,854.92,44672.06,49039.98
2026-08-02 15:23:00,20214.7,855.02,44672.39,49040.47
2026-08-02 15:24:00,20215.61,855.16,44672.8,49041.19
2026-08-02 15:25:00,20212.94,855.93,44672.88,49040.17
2026-08-02 15:26:00,20207.97,858.2,44672.26,49037.62
2026-08-02 15:27:00,20205.22,859.96,44672.21,49036.49
2026-08-02 15:28:00,20203.63,861.53,44672.3,49035.96
2026-08-02 15:29:00,20203.57,861.98,44672.48,49036.09
2026-08-02 15:30:00,20200.62,862.92,44672.57,49035.0
2026-08-02 15:31:00,20197.3,865.12,44672.48,49033.59
2026-08-02 15:32:00,20193.36,867.24,44672.23,49031.77
2026-08-02 15:33:00,20191.76,868.44,44672.33,49031.25
2026-08-02 15:34:00,20186.41,870.62,44671.95,49028.73
2026-08-02 15:35:00,20183.53,871.91,44672.01,49027.66
2026-08-02 15:36:00,20183.22,873.12,44672.04,49027.58
2026-08-02 15:37:00,20182.69,873.92,44672.04,49027.4
2026-08-02 15:38:00,20187.73,872.88,44672.84,49030.18
2026-08-02 15:39:00,20190.86,872.07,44673.43,49031.95
2026-08-02 15:40:00,20190.92,871.94,44673.42,49031.99
2026-08-02 15:41:00,20192.09,872.43,44674.2,49033.18
2026-08-02 15:42:00,20195.42,872.07,44674.64,49034.94
2026-08-02 15:43:00,20197.08,872.0,44674.95,49035.89
2026-08-02 15:44:00,20202.27,870.77,44675.9,49038.86
2026-08-02 15:45:00,20205.17,870.32,44676.3,49040.35
2026-08-02 15:46:00,20205.48,870.44,44676.73,49040.88
2026-08-02 15:47:00,20212.26,868.09,44677.94,49044.76
2026-08-02 15:48:00,20216.4,866.85,44678.86,49047.2
2026-08-02 15:49:00,20212.18,868.99,44678.65,49045.34
2026-08-02 15:50:00,20210.05,870.43,44678.71,49044.54
2026-08-02 15:51:00,20207.47,871.89,44678.57,49043.38
2026-08-02 15:52:00,20205.16,873.29,44678.73,49042.61
2026-08-02 15:53:00,20202.0,874.48,44678.88,49041.48
2026-08-02 15:54:00,20200.88,874.98,44679.31,49041.44
2026-08-02 15:55:00,20199.25,875.86,44679.43,49040.89
2026-08-02 15:56:00,20197.39,877.1,44679.62,49040.33
2026-08-02 15:57:00,20194.78,878.6,44679.6,49039.29
2026-08-02 15:58:00,20194.2,879.36,44679.85,49039.27
2026-08-02 15:59:00,20193.58,879.59,44680.06,49039.22
2026-08-02 16:00:00,20192.05,879.92,44680.25,49038.78
2026-08-02 16:01:00,20192.22,880.71,44680.64,49039.23
2026-08-02 16:02:00,20191.59,881.93,44680.76,49039.11
2026-08-02 16:03:00,20193.7,881.67,44681.28,49040.44
2026-08-02 16:04:00,20195.54,881.95,44681.62,49041.51
2026-08-02 16:05:00,20197.11,882.25,44682.12,49042.6
2026-08-02 16:06:00,20198.44,882.24,44682.44,49043.42
2026-08-02 16:07:00,20201.0,881.89,44683.08,49045.05
2026-08-02 16:08:00,20204.1,881.97,44683.7,49046.89
2026-08-02 16:09:00,20207.61,881.96,44684.47,49049.02
2026-08-02 16:10:00,20210.25,881.8,44685.0,49050.56
2026-08-02 16:11:00,20211.56,881.92,44685.54,49051.57
2026-08-02 16:12:00,20209.52,882.94,44685.68,49050.91
2026-08-02 16:13:00,20216.7,881.66,44687.18,49055.16
2026-08-02 16:14:00,20220.05,882.45,44687.69,49057.01
2026-08-02 16:15:00,20221.14,882.43,44687.99,49057.73
2026-08-02 16:16:00,20223.1,882.46,44688.77,49059.24
2026-08-02 16:17:00,20226.18,882.32,44689.53,49061.18
2026-08-02 16:18:00,20228.54,882.89,44690.06,49062.64
2026-08-02 16:19:00,20230.93,883.98,44690.38,49063.92
2026-08-02 16:20:00,20231.5,885.12,44690.68,49064.43
2026-08-02 16:21:00,20229.97,886.19,44690.88,49064.02
2026-08-02 16:22:00,20230.68,885.29,44691.7,49065.04
2026-08-02 16:23:00,20231.76,885.09,44692.54,49066.23
2026-08-02 16:24:00,20229.56,886.49,44692.7,49065.52
2026-08-02 16:25:00,20233.2,885.63,44693.79,49067.98
2026-08-02 16:26:00,20234.39,884.18,44694.49,49069.08
2026-08-02 16:27:00,20237.53,882.3,44695.74,49071.46
2026-08-02 16:28:00,20238.41,881.65,44696.9,49072.85
2026-08-02 16:29:00,20239.08,882.81,44697.49,49073.7
2026-08-02 16:30:00,20241.3,883.37,44698.01,49075.1
2026-08-02 16:31:00,20243.19,884.15,44698.44,49076.28
2026-08-02 16:32:00,20247.42,884.02,44699.28,49078.76
2026-08-02 16:33:00,20247.02,885.1,44699.35,49078.66
2026-08-02 16:34:00,20242.77,885.73,44699.25,49076.86
2026-08-02 16:35:00,20236.79,886.07,44699.43,49074.58
2026-08-02 16:36:00,20234.01,885.91,44700.27,49074.2
2026-08-02 16:37:00,20231.98,883.79,44701.4,49074.35
2026-08-02 16:38:00,20225.64,883.51,44701.87,49072.17
2026-08-02 16:39:00,20216.62,885.77,44701.5,49068.21
2026-08-02 16:40:00,20214.04,887.54,44701.46,49067.15
2026-08-02 16:41:00,20213.18,885.13,44702.04,49067.3
2026-08-02 16:42:00,20209.72,883.46,44702.86,49066.6
2026-08-02 16:43:00,20206.49,884.77,44702.78,49065.22
2026-08-02 16:44:00,20201.97,887.57,44701.68,49062.43
2026-08-02 16:45:00,20196.59,888.95,44701.12,49059.75
2026-08-02 16:46:00,20197.14,888.78,44701.54,49060.4
2026-08-02 16:47:00,20199.19,889.26,44701.48,49061.17
2026-08-02 16:48:00,20199.45,888.53,44701.26,49061.05
2026-08-02 16:49:00,20198.44,889.19,44701.26,49060.65
2026-08-02 16:50:00,20200.65,887.79,44701.83,49062.08
2026-08-02 16:51:00,20201.02,886.03,44702.21,49062.55
2026-08-02 16:52:00,20200.14,884.64,44702.79,49062.67
2026-08-02 16:53:00,20198.04,885.03,44703.21,49062.18
2026-08-02 16:54:00,20198.6,883.52,44703.51,49062.7
2026-08-02 16:55:00,20199.95,880.96,44704.56,49064.13
2026-08-02 16:56:00,20199.24,880.84,44705.21,49064.42
2026-08-02 16:57:00,20198.12,881.89,44705.22,49063.98
2026-08-02 16:58:00,20198.09,882.67,44705.45,49064.19
2026-08-02 16:59:00,20197.05,883.47,44705.39,49063.73
2026-08-02 17:00:00,20197.42,884.74,44705.48,49063.99
2026-08-02 17:01:00,20195.32,885.74,44705.26,49062.95
2026-08-02 17:02:00,20193.81,886.99,44705.42,49062.5
2026-08-02 17:03:00,20192.59,888.31,44705.36,49061.97
2026-08-02 17:04:00,20191.79,888.61,44705.59,49061.88
2026-08-02 17:05:00,20191.46,888.56,44706.11,49062.23
2026-08-02 17:06:00,20192.0,888.16,44706.7,49062.96
2026-08-02 17:07:00,20191.77,888.17,44707.11,49063.24
2026-08-02 17:08:00,20189.51,889.09,44707.18,49062.4
2026-08-02 17:09:00,20186.52,889.7,44707.2,49061.22
2026-08-02 17:10:00,20184.29,890.56,44707.6,49060.68
2026-08-02 17:11:00,20183.07,890.4,44707.92,49060.48
2026-08-02 17:12:00,20181.91,889.38,44708.86,49060.85
2026-08-02 17:13:00,20181.39,890.06,44709.35,49061.09
2026-08-02 17:14:00,20181.74,890.4,44709.9,49061.74
2026-08-02 17:15:00,20181.78,890.99,44710.17,49062.0
2026-08-02 17:16:00,20181.52,892.03,44710.32,49062.05
2026-08-02 17:17:00,20179.17,892.74,44710.44,49061.21
2026-08-02 17:18:00,20177.8,893.46,44710.55,49060.79
2026-08-02 17:19:00,20177.37,894.5,44710.54,49060.6
2026-08-02 17:20:00,20177.65,894.85,44710.68,49060.85
2026-08-02 17:21:00,20177.81,896.47,44710.76,49061.01
2026-08-02 17:22:00,20178.54,897.1,44710.91,49061.46
2026-08-02 17:23:00,20177.64,897.89,44710.83,49061.02
2026-08-02 17:24:00,20177.11,898.62,44710.78,49060.77
2026-08-02 17:25:00,20176.76,899.33,44710.68,49060.58
2026-08-02 17:26:00,20177.64,899.97,44710.58,49060.84
2026-08-02 17:27:00,20175.65,900.28,44710.48,49059.94
2026-08-02 17:28:00,20173.4,900.76,44710.6,49059.16
2026-08-02 17:29:00,20171.68,901.78,44710.72,49058.57
2026-08-02 17:30:00,20170.78,902.45,44710.65,49058.15
2026-08-02 17:31:00,20170.42,902.27,44710.84,49058.18
2026-08-02 17:32:00,20168.6,903.48,44710.83,49057.43
2026-08-02 17:33:00,20166.84,905.46,44710.39,49056.36
2026-08-02 17:34:00,20165.78,906.11,44710.15,49055.72
2026-08-02 17:35:00,20163.79,906.35,44709.99,49054.77
2026-08-02 17:36:00,20162.23,907.27,44709.68,49053.86
2026-08-02 17:37:00,20160.64,907.59,44709.48,49053.05
2026-08-02 17:38:00,20159.86,907.96,44709.3,49052.59
2026-08-02 17:39:00,20157.82,908.89,44708.84,49051.35
2026-08-02 17:40:00,20157.0,908.6,44708.64,49050.85
2026-08-02 17:41:00,20155.34,908.66,44708.57,49050.08
2026-08-02 17:42:00,20152.44,909.46,44708.2,49048.58
2026-08-02 17:43:00,20152.66,909.1,44707.99,49048.49
2026-08-02 17:44:00,20152.01,909.14,44707.59,49047.84
2026-08-02 17:45:00,20150.12,909.07,44707.33,49046.83
2026-08-02 17:46:00,20148.91,909.44,44706.99,49046.04
2026-08-02 17:47:00,20147.26,909.6,44706.64,49045.05
2026-08-02 17:48:00,20144.75,910.29,44706.5,49043.91
2026-08-02 17:49:00,20143.6,909.59,44706.06,49043.03
2026-08-02 17:50:00,20143.47,909.28,44705.69,49042.63
2026-08-02 17:51:00,20143.63,909.56,44705.59,49042.62
2026-08-02 17:52:00,20142.6,909.62,44705.25,49041.9
2026-08-02 17:53:00,20142.76,910.13,44704.84,49041.59
2026-08-02 17:54:00,20143.15,910.62,44704.48,49041.44
2026-08-02 17:55:00,20144.34,911.29,44704.02,49041.51
2026-08-02 17:56:00,20144.6,911.24,44703.74,49041.37
2026-08-02 17:57:00,20144.32,911.67,44703.34,49040.9
2026-08-02 17:58:00,20143.31,912.31,44702.58,49039.81
2026-08-02 17:59:00,20142.94,912.9,44702.22,49039.36
2026-08-02 18:00:00,20142.79,913.03,44701.84,49038.96
2026-08-02 18:01:00,20142.64,913.44,44701.61,49038.71
2026-08-02 18:02:00,20143.42,914.09,44701.25,49038.69
2026-08-02 18:03:00,20143.72,914.62,44701.08,49038.67
2026-08-02 18:04:00,20144.04,914.85,44701.04,49038.78
2026-08-02 18:05:00,20144.59,915.69,44700.77,49038.76
2026-08-02 18:06:00,20145.31,916.09,44700.38,49038.72
2026-08-02 18:07:00,20147.36,916.1,44700.2,49039.4
2026-08-02 18:08:00,20149.62,916.01,44700.09,49040.21
2026-08-02 18:09:00,20151.37,915.39,44700.27,49041.05
2026-08-02 18:10:00,20150.92,915.09,44699.83,49040.46
2026-08-02 18:11:00,20152.83,913.92,44699.92,49041.31
2026-08-02 18:12:00,20155.53,912.8,44700.13,49042.58
2026-08-02 18:13:00,20156.56,912.15,44700.28,49043.1
2026-08-02 18:14:00,20157.96,911.52,44700.2,49043.59
2026-08-02 18:15:00,20161.41,910.57,44700.77,49045.51
2026-08-02 18:16:00,20163.42,910.22,44700.94,49046.46
2026-08-02 18:17:00,20164.19,910.11,44700.77,49046.62
2026-08-02 18:18:00,20164.84,910.31,44700.69,49046.83
2026-08-02 18:19:00,20166.7,909.93,44700.83,49047.7
2026-08-02 18:20:00,20167.64,909.8,44700.87,49048.11
2026-08-02 18:21:00,20167.59,910.11,44700.82,49048.05
2026-08-02 18:22:00,20168.08,910.45,44700.77,49048.21
2026-08-02 18:23:00,20167.06,910.3,44700.61,49047.64
2026-08-02 18:24:00,20166.58,911.22,44700.57,49047.43
2026-08-02 18:25:00,20166.49,911.42,44700.3,49047.13
2026-08-02 18:26:00,20165.81,910.99,44699.93,49046.54
2026-08-02 18:27:00,20165.95,910.78,44700.21,49046.85
2026-08-02 18:28:00,20165.78,910.89,44700.11,49046.68
2026-08-02 18:29:00,20165.45,910.77,44699.89,49046.33
2026-08-02 18:30:00,20164.78,911.1,44699.51,49045.74
2026-08-02 18:31:00,20165.28,910.89,44699.41,49045.84
2026-08-02 18:32:00,20165.77,910.84,44699.27,49045.9
2026-08-02 18:33:00,20165.51,910.6,44699.02,49045.56
2026-08-02 18:34:00,20165.39,910.89,44698.69,49045.23
2026-08-02 18:35:00,20165.6,910.63,44698.48,49045.11
2026-08-02 18:36:00,20165.28,909.7,44698.39,49044.89
2026-08-02 18:37:00,20166.75,909.6,44698.41,49045.5
2026-08-02 18:38:00,20169.07,909.25,44698.31,49046.36
2026-08-02 18:39:00,20170.38,909.04,44698.05,49046.66
2026-08-02 18:40:00,20172.42,908.02,44698.11,49047.54
2026-08-02 18:41:00,20174.94,907.86,44698.2,49048.65
2026-08-02 18:42:00,20176.9,907.6,44697.96,49049.23
2026-08-02 18:43:00,20178.79,906.92,44697.91,49049.93
2026-08-02 18:44:00,20179.29,906.35,44697.53,49049.76
2026-08-02 18:45:00,20180.27,904.87,44697.66,49050.26
2026-08-02 18:46:00,20182.33,903.69,44697.65,49051.08
2026-08-02 18:47:00,20184.58,902.68,44698.05,49052.32
2026-08-02 18:48:00,20185.1,902.02,44698.08,49052.55
2026-08-02 18:49:00,20184.84,901.87,44697.81,49052.18
2026-08-02 18:50:00,20185.44,901.46,44697.74,49052.36
2026-08-02 18:51:00,20186.71,901.43,44697.83,49052.96
2026-08-02 18:52:00,20187.09,901.32,44697.81,49053.1
2026-08-02 18:53:00,20187.55,900.82,44697.98,49053.42
2026-08-02 18:54:00,20188.54,900.72,44698.31,49054.12
2026-08-02 18:55:00,20188.07,901.4,44698.05,49053.7
2026-08-02 18:56:00,20187.19,902.24,44697.91,49053.23
2026-08-02 18:57:00,20186.68,903.54,44697.7,49052.85
2026-08-02 18:58:00,20186.69,905.24,44697.26,49052.49
2026-08-02 18:59:00,20185.65,906.65,44696.92,49051.79
2026-08-02 19:00:00,20184.79,907.85,44696.66,49051.22
2026-08-02 19:01:00,20184.73,908.87,44696.57,49051.12
2026-08-02 19:02:00,20184.1,910.53,44696.32,49050.66
2026-08-02 19:03:00,20182.6,911.64,44696.12,49049.89
2026-08-02 19:04:00,20181.0,911.62,44696.11,49049.23
2026-08-02 19:05:00,20180.85,911.37,44696.37,49049.42
2026-08-02 19:06:00,20182.48,912.18,44696.64,49050.34
2026-08-02 19:07:00,20182.91,911.81,44696.83,49050.66
2026-08-02 19:08:00,20183.33,911.81,44697.0,49051.0
2026-08-02 19:09:00,20184.37,912.51,44697.09,49051.51
2026-08-02 19:10:00,20184.94,912.55,44697.12,49051.78
2026-08-02 19:11:00,20185.37,912.72,44697.08,49051.92
2026-08-02 19:12:00,20186.7,912.94,44697.1,49052.49
2026-08-02 19:13:00,20186.68,913.27,44697.09,49052.47
2026-08-02 19:14:00,20186.81,913.82,44696.98,49052.43
2026-08-02 19:15:00,20186.95,913.42,44697.0,49052.51
2026-08-02 19:16:00,20186.22,913.03,44697.02,49052.23
2026-08-02 19:17:00,20185.59,912.76,44697.13,49052.05
2026-08-02 19:18:00,20184.81,912.99,44697.04,49051.67
2026-08-02 19:19:00,20184.5,912.88,44697.07,49051.56
2026-08-02 19:20:00,20184.17,912.86,44696.99,49051.35
2026-08-02 19:21:00,20184.5,912.78,44696.88,49051.38
2026-08-02 19:22:00,20183.59,912.2,44696.91,49051.04
2026-08-02 19:23:00,20184.15,911.78,44697.06,49051.39
2026-08-02 19:24:00,20184.33,912.74,44696.68,49051.13
2026-08-02 19:25:00,20183.99,912.92,44696.32,49050.67
2026-08-02 19:26:00,20183.82,912.26,44696.22,49050.49
2026-08-02 19:27:00,20183.66,910.95,44696.35,49050.52
2026-08-02 19:28:00,20183.57,910.12,44696.51,49050.61
2026-08-02 19:29:00,20183.1,909.65,44696.43,49050.34
2026-08-02 19:30:00,20183.21,909.46,44696.32,49050.28
2026-08-02 19:31:00,20183.73,909.8,44696.08,49050.27
2026-08-02 19:32:00,20184.95,909.41,44696.11,49050.79
2026-08-02 19:33:00,20185.38,908.66,44696.06,49050.91
2026-08-02 19:34:00,20185.15,907.6,44695.87,49050.65
2026-08-02 19:35:00,20184.7,906.93,44695.65,49050.23
2026-08-02 19:36:00,20184.38,905.99,44695.66,49050.11
2026-08-02 19:37:00,20185.38,905.02,44696.04,49050.86
2026-08-02 19:38:00,20185.79,904.15,44696.12,49051.08
2026-08-02 19:39:00,20185.97,903.66,44696.08,49051.11
2026-08-02 19:40:00,20186.03,902.88,44696.35,49051.36
2026-08-02 19:41:00,20185.48,902.44,44696.01,49050.83
2026-08-02 19:42:00,20185.72,902.17,44696.1,49051.0
2026-08-02 19:43:00,20185.44,901.76,44696.0,49050.79
2026-08-02 19:44:00,20185.37,902.15,44695.66,49050.47
2026-08-02 19:45:00,20185.18,902.64,44695.32,49050.06
2026-08-02 19:46:00,20185.19,903.54,44694.94,49049.73
2026-08-02 19:47:00,20185.77,904.86,44694.53,49049.62
2026-08-02 19:48:00,20185.31,906.27,44694.14,49049.1
2026-08-02 19:49:00,20185.4,906.46,44693.64,49048.68
2026-08-02 19:50:00,20185.86,905.93,44693.59,49048.82
2026-08-02 19:51:00,20186.0,906.88,44693.59,49048.89
2026-08-02 19:52:00,20185.96,907.23,44693.1,49048.44
2026-08-02 19:53:00,20185.73,907.98,44692.91,49048.19
2026-08-02 19:54:00,20185.31,908.36,44692.77,49047.89
2026-08-02 19:55:00,20184.72,908.56,44692.77,49047.66
2026-08-02 19:56:00,20183.74,908.94,44692.57,49047.08
2026-08-02 19:57:00,20182.96,909.69,44692.51,49046.73
2026-08-02 19:58:00,20182.71,910.05,44692.38,49046.52
2026-08-02 19:59:00,20181.91,911.29,44692.09,49045.96
2026-08-02 20:00:00,20181.18,911.82,44691.75,49045.37
2026-08-02 20:01:00,20181.02,912.27,44692.04,49045.58
2026-08-02 20:02:00,20181.17,911.67,44692.26,49045.82
2026-08-02 20:03:00,20181.1,911.5,44692.26,49045.77
2026-08-02 20:04:00,20180.77,912.24,44692.14,49045.54
2026-08-02 20:05:00,20180.58,912.7,44692.29,49045.59
2026-08-02 20:06:00,20179.95,913.18,44692.21,49045.27
2026-08-02 20:07:00,20179.54,913.0,44691.84,49044.76
2026-08-02 20:08:00,20179.84,913.75,44691.71,49044.79
2026-08-02 20:09:00,20180.07,914.7,44691.55,49044.76
2026-08-02 20:10:00,20180.52,915.23,44691.36,49044.77
2026-08-02 20:11:00,20181.48,915.75,44691.37,49045.19
2026-08-02 20:12:00,20181.85,915.32,44691.19,49045.16
2026-08-02 20:13:00,20182.38,915.35,44691.47,49045.63
2026-08-02 20:14:00,20182.06,915.52,44691.51,49045.54
2026-08-02 20:15:00,20182.52,915.35,44691.45,49045.68
2026-08-02 20:16:00,20182.85,915.54,44691.39,49045.76
2026-08-02 20:17:00,20183.11,915.54,44691.05,49045.57
2026-08-02 20:18:00,20183.12,916.45,44690.87,49045.43
2026-08-02 20:19:00,20183.96,916.11,44690.73,49045.65
2026-08-02 20:20:00,20184.57,916.64,44690.76,49045.93
2026-08-02 20:21:00,20184.98,916.33,44690.64,49045.97
2026-08-02 20:22:00,20185.38,916.81,44690.56,49046.09
2026-08-02 20:23:00,20186.19,916.78,44690.26,49046.13
2026-08-02 20:24:00,20186.84,914.73,44690.69,49046.77
2026-08-02 20:25:00,20186.85,914.21,44690.72,49046.8
2026-08-02 20:26:00,20187.37,910.32,44691.33,49047.49
2026-08-02 20:27:00,20186.7,910.24,44691.65,49047.49
2026-08-02 20:28:00,20187.57,910.95,44691.44,49047.66
2026-08-02 20:29:00,20188.74,909.79,44691.21,49047.93
2026-08-02 20:30:00,20188.17,909.44,44691.06,49047.54
2026-08-02 20:31:00,20187.09,909.45,44690.89,49046.95
2026-08-02 20:32:00,20187.01,910.15,44690.46,49046.55
2026-08-02 20:33:00,20187.26,908.89,44690.61,49046.76
2026-08-02 20:34:00,20187.34,909.73,44690.23,49046.46
2026-08-02 20:35:00,20187.7,910.15,44689.84,49046.25
2026-08-02 20:36:00,20186.94,911.2,44689.32,49045.47
2026-08-02 20:37:00,20186.72,911.42,44689.05,49045.14
2026-08-02 20:38:00,20186.52,911.73,44688.81,49044.84
2026-08-02 20:39:00,20186.72,912.03,44688.69,49044.83
2026-08-02 20:40:00,20187.08,911.72,44688.59,49044.89
2026-08-02 20:41:00,20187.52,912.15,44688.24,49044.76
2026-08-02 20:42:00,20187.34,911.7,44688.17,49044.6
2026-08-02 20:43:00,20187.62,912.28,44688.0,49044.58
2026-08-02 20:44:00,20188.1,912.06,44688.07,49044.82
2026-08-02 20:45:00,20188.14,911.91,44688.01,49044.78
2026-08-02 20:46:00,20187.86,911.92,44687.7,49044.39
2026-08-02 20:47:00,20187.96,912.14,44687.46,49044.23
2026-08-02 20:48:00,20187.86,911.82,44687.44,49044.16
2026-08-02 20:49:00,20187.87,911.52,44687.57,49044.28
2026-08-02 20:50:00,20187.8,911.27,44687.68,49044.35
2026-08-02 20:51:00,20188.03,910.63,44687.74,49044.46
2026-08-02 20:52:00,20187.19,911.05,44687.62,49044.01
2026-08-02 20:53:00,20187.8,910.86,44687.61,49044.26
2026-08-02 20:54:00,20188.92,910.04,44687.89,49044.94
2026-08-02 20:55:00,20189.45,910.41,44687.67,49044.97
2026-08-02 20:56:00,20190.09,910.55,44687.47,49045.06
2026-08-02 20:57:00,20189.94,910.96,44687.19,49044.74
2026-08-02 20:58:00,20189.77,911.89,44686.62,49044.17
2026-08-02 20:59:00,20190.73,912.63,44686.54,49044.51
2026-08-02 21:00:00,20191.19,913.06,44685.86,49044.07
2026-08-02 21:01:00,20192.08,913.32,44685.67,49044.28
2026-08-02 21:02:00,20193.47,913.12,44685.73,49044.89
2026-08-02 21:03:00,20194.89,913.03,44685.69,49045.44
2026-08-02 21:04:00,20196.66,912.82,44685.6,49046.07
2026-08-02 21:05:00,20199.1,912.74,44685.43,49046.91
2026-08-02 21:06:00,20200.6,911.51,44685.32,49047.4
2026-08-02 21:07:00,20201.86,910.24,44685.57,49048.12
2026-08-02 21:08:00,20202.25,909.1,44685.72,49048.39
2026-08-02 21:09:00,20202.55,908.21,44685.76,49048.52
2026-08-02 21:10:00,20202.55,907.75,44685.64,49048.39
2026-08-02 21:11:00,20202.64,907.1,44685.51,49048.3
2026-08-02 21:12:00,20202.54,906.14,44685.46,49048.21
2026-08-02 21:13:00,20202.51,905.41,44685.6,49048.32
2026-08-02 21:14:00,20202.52,904.95,44685.51,49048.23
2026-08-02 21:15:00,20202.19,904.16,44685.48,49048.05
2026-08-02 21:16:00,20201.79,903.86,44685.5,49047.88
2026-08-02 21:17:00,20201.21,903.69,44685.53,49047.68
2026-08-02 21:18:00,20201.22,903.51,44685.53,49047.69
2026-08-02 21:19:00,20201.32,903.54,44685.23,49047.46
2026-08-02 21:20:00,20201.37,903.52,44685.02,49047.28
2026-08-02 21:21:00,20201.64,903.45,44684.96,49047.34
2026-08-02 21:22:00,20201.54,903.32,44684.85,49047.19
2026-08-02 21:23:00,20201.8,902.63,44684.85,49047.29
2026-08-02 21:24:00,20201.18,902.49,44684.85,49047.03
2026-08-02 21:25:00,20200.32,901.78,44684.75,49046.57
2026-08-02 21:26:00,20199.89,901.74,44684.61,49046.27
2026-08-02 21:27:00,20199.54,901.92,44684.55,49046.07
2026-08-02 21:28:00,20198.84,902.46,44684.22,49045.49
2026-08-02 21:29:00,20197.81,902.96,44683.95,49044.84
2026-08-02 21:30:00,20196.97,903.18,44683.69,49044.27
2026-08-02 21:31:00,20197.27,902.8,44683.75,49044.43
2026-08-02 21:32:00,20197.68,902.66,44683.85,49044.69
2026-08-02 21:33:00,20197.55,902.84,44683.65,49044.47
2026-08-02 21:34:00,20197.12,903.16,44683.45,49044.1
2026-08-02 21:35:00,20197.04,903.52,44683.22,49043.88
2026-08-02 21:36:00,20197.52,902.96,44683.23,49044.08
2026-08-02 21:37:00,20197.75,902.54,44683.29,49044.21
2026-08-02 21:38:00,20197.74,902.69,44683.1,49044.03
2026-08-02 21:39:00,20197.79,902.8,44682.87,49043.85
2026-08-02 21:40:00,20197.7,903.15,44682.56,49043.52
2026-08-02 21:41:00,20197.35,903.05,44682.4,49043.25
2026-08-02 21:42:00,20196.68,903.18,44682.21,49042.82
2026-08-02 21:43:00,20196.29,903.41,44682.0,49042.48
2026-08-02 21:44:00,20196.0,903.28,44681.88,49042.25
2026-08-02 21:45:00,20196.03,903.16,44681.89,49042.25
2026-08-02 21:46:00,20196.23,903.18,44681.77,49042.23
2026-08-02 21:47:00,20196.73,903.18,44681.58,49042.28
2026-08-02 21:48:00,20197.81,902.78,44681.54,49042.66
2026-08-02 21:49:00,20198.22,902.43,44681.46,49042.74
2026-08-02 21:50:00,20198.35,902.15,44681.34,49042.68
2026-08-02 21:51:00,20197.95,901.77,44681.24,49042.42
2026-08-02 21:52:00,20197.59,901.39,44681.17,49042.21
2026-08-02 21:53:00,20197.34,900.65,44681.25,49042.16
2026-08-02 21:54:00,20197.17,899.98,44681.34,49042.17
2026-08-02 21:55:00,20197.13,899.25,44681.42,49042.22
2026-08-02 21:56:00,20197.15,898.76,44681.43,49042.24
2026-08-02 21:57:00,20197.11,898.47,44681.35,49042.15
2026-08-02 21:58:00,20197.05,898.26,44681.23,49042.03
2026-08-02 21:59:00,20197.21,898.06,44681.11,49041.98
2026-08-02 22:00:00,20197.38,898.1,44680.91,49041.87
2026-08-02 22:01:00,20196.92,898.21,44680.64,49041.45
2026-08-02 22:02:00,20196.3,898.23,44680.53,49041.08
2026-08-02 22:03:00,20195.59,897.96,44680.49,49040.75
2026-08-02 22:04:00,20194.9,897.76,44680.45,49040.44
2026-08-02 22:05:00,20194.58,897.68,44680.41,49040.28
2026-08-02 22:06:00,20194.27,897.38,44680.37,49040.1
2026-08-02 22:07:00,20194.33,897.22,44680.32,49040.07
2026-08-02 22:08:00,20194.41,897.15,44680.22,49040.0
2026-08-02 22:09:00,20194.45,897.2,44680.11,49039.92
2026-08-02 22:10:00,20194.3,897.22,44679.85,49039.65
2026-08-02 22:11:00,20194.26,897.44,44679.69,49039.49
2026-08-02 22:12:00,20194.28,897.75,44679.59,49039.41
2026-08-02 22:13:00,20193.92,898.04,44679.36,49039.05
2026-08-02 22:14:00,20193.2,897.9,44679.31,49038.7
2026-08-02 22:15:00,20192.63,897.47,44679.41,49038.56
2026-08-02 22:16:00,20192.07,897.89,44679.37,49038.3
2026-08-02 22:17:00,20191.91,898.44,44679.22,49038.1
2026-08-02 22:18:00,20191.67,898.69,44679.04,49037.84
2026-08-02 22:19:00,20191.07,899.03,44678.8,49037.4
2026-08-02 22:20:00,20190.64,899.36,44678.69,49037.14
2026-08-02 22:21:00,20190.32,899.55,44678.64,49036.95
2026-08-02 22:22:00,20190.0,899.57,44678.58,49036.79
2026-08-02 22:23:00,20190.06,899.34,44678.68,49036.87
2026-08-02 22:24:00,20190.13,899.21,44678.71,49036.93
2026-08-02 22:25:00,20190.11,899.28,44678.67,49036.89
2026-08-02 22:26:00,20190.11,899.48,44678.6,49036.83
2026-08-02 22:27:00,20190.52,899.39,44678.61,49036.99
2026-08-02 22:28:00,20190.95,899.47,44678.52,49037.09
2026-08-02 22:29:00,20191.48,899.59,44678.42,49037.22
2026-08-02 22:30:00,20192.14,899.73,44678.28,49037.38
2026-08-02 22:31:00,20192.63,899.62,44678.18,49037.48
2026-08-02 22:32:00,20193.02,899.26,44678.18,49037.63
2026-08-02 22:33:00,20193.41,898.66,44678.26,49037.85
2026-08-02 22:34:00,20193.95,898.26,44678.33,49038.14
2026-08-02 22:35:00,20194.43,898.18,44678.26,49038.28
2026-08-02 22:36:00,20194.52,897.76,44678.25,49038.29
2026-08-02 22:37:00,20194.11,897.31,44678.26,49038.13
2026-08-02 22:38:00,20193.72,896.76,44678.38,49038.08
2026-08-02 22:39:00,20193.35,896.56,44678.43,49037.95
2026-08-02 22:40:00,20192.97,896.74,44678.35,49037.72
2026-08-02 22:41:00,20192.9,896.99,44678.3,49037.64
2026-08-02 22:42:00,20193.32,897.38,44678.13,49037.67
2026-08-02 22:43:00,20193.39,897.84,44677.9,49037.5
2026-08-02 22:44:00,20192.87,898.32,44677.69,49037.1
2026-08-02 22:45:00,20192.72,898.35,44677.67,49037.03
2026-08-02 22:46:00,20192.38,898.24,44677.65,49036.87
2026-08-02 22:47:00,20192.0,898.41,44677.69,49036.73
2026-08-02 22:48:00,20191.6,898.6,44677.67,49036.56
2026-08-02 22:49:00,20190.98,898.75,44677.65,49036.28
2026-08-02 22:50:00,20190.39,899.08,44677.63,49036.03
2026-08-02 22:51:00,20189.99,899.41,44677.59,49035.84
2026-08-02 22:52:00,20189.47,899.56,44677.54,49035.59
2026-08-02 22:53:00,20188.99,899.86,44677.49,49035.35
2026-08-02 22:54:00,20188.71,900.2,44677.46,49035.22
2026-08-02 22:55:00,20188.58,900.68,44677.4,49035.12
2026-08-02 22:56:00,20188.6,900.98,44677.32,49035.06
2026-08-02 22:57:00,20188.64,901.22,44677.28,49035.03
2026-08-02 22:58:00,20188.86,901.31,44677.26,49035.12
2026-08-02 22:59:00,20189.43,901.26,44677.32,49035.42
2026-08-02 23:00:00,20190.34,901.17,44677.35,49035.82
2026-08-02 23:01:00,20191.89,901.37,44677.3,49036.41
2026-08-02 23:02:00,20193.5,901.67,44677.14,49036.91
2026-08-02 23:03:00,20194.52,901.65,44676.92,49037.13
2026-08-02 23:04:00,20195.08,901.0,44676.95,49037.36
2026-08-02 23:05:00,20195.27,900.03,44677.14,49037.6
2026-08-02 23:06:00,20194.54,898.81,44677.39,49037.5
2026-08-02 23:07:00,20193.35,897.61,44677.71,49037.28
2026-08-02 23:08:00,20192.44,896.91,44677.98,49037.15
2026-08-02 23:09:00,20191.6,896.88,44677.97,49036.83
2026-08-02 23:10:00,20190.7,897.21,44677.86,49036.37
2026-08-02 23:11:00,20189.97,897.87,44677.72,49035.94
2026-08-02 23:12:00,20189.34,898.51,44677.51,49035.48
2026-08-02 23:13:00,20188.79,899.07,44677.37,49035.14
2026-08-02 23:14:00,20188.43,899.77,44677.2,49034.85
2026-08-02 23:15:00,20188.82,900.63,44677.0,49034.85
2026-08-02 23:16:00,20189.74,901.66,44676.7,49034.97
2026-08-02 23:17:00,20189.91,902.39,44676.32,49034.71
2026-08-02 23:18:00,20190.4,902.32,44676.31,49034.9
2026-08-02 23:19:00,20190.86,902.11,44676.39,49035.14
2026-08-02 23:20:00,20190.98,902.15,44676.36,49035.17
2026-08-02 23:21:00,20191.0,901.98,44676.31,49035.13
2026-08-02 23:22:00,20191.36,901.89,44676.36,49035.32
2026-08-02 23:23:00,20191.97,901.9,44676.34,49035.56
2026-08-02 23:24:00,20192.61,901.62,44676.36,49035.83
2026-08-02 23:25:00,20193.29,901.41,44676.39,49036.12
2026-08-02 23:26:00,20193.89,901.07,44676.4,49036.37
2026-08-02 23:27:00,20194.15,900.75,44676.4,49036.47
2026-08-02 23:28:00,20194.0,900.63,44676.36,49036.36
2026-08-02 23:29:00,20193.77,900.56,44676.34,49036.26
2026-08-02 23:30:00,20193.44,900.46,44676.35,49036.13
2026-08-02 23:31:00,20193.19,900.53,44676.29,49036.0
2026-08-02 23:32:00,20193.09,900.58,44676.24,49035.9
2026-08-02 23:33:00,20193.05,900.89,44676.17,49035.83
2026-08-02 23:34:00,20192.8,901.25,44676.04,49035.61
2026-08-02 23:35:00,20192.39,901.51,44675.91,49035.35
2026-08-02 23:36:00,20192.05,901.78,44675.93,49035.21
2026-08-02 23:37:00,20191.85,901.97,44675.87,49035.07
2026-08-02 23:38:00,20191.87,902.22,44675.85,49035.08
2026-08-02 23:39:00,20191.67,902.45,44675.79,49034.94
2026-08-02 23:40:00,20191.37,902.54,44675.77,49034.8
2026-08-02 23:41:00,20191.39,902.64,44675.78,49034.82
2026-08-02 23:42:00,20191.51,902.63,44675.81,49034.9
2026-08-02 23:43:00,20191.94,902.68,44675.84,49035.09
2026-08-02 23:44:00,20192.34,902.95,44675.78,49035.18
2026-08-02 23:45:00,20192.62,902.96,44675.72,49035.24
2026-08-02 23:46:00,20193.07,902.8,44675.75,49035.46
2026-08-02 23:47:00,20192.52,902.84,44675.61,49035.12
2026-08-02 23:48:00,20191.58,902.92,44675.6,49034.74
2026-08-02 23:49:00,20190.93,903.21,44675.6,49034.47
2026-08-02 23:50:00,20190.2,903.37,44675.6,49034.19
2026-08-02 23:51:00,20189.77,903.46,44675.7,49034.1
2026-08-02 23:52:00,20189.39,903.58,44675.72,49033.98
2026-08-02 23:53:00,20189.22,903.69,44675.77,49033.96
2026-08-02 23:54:00,20189.24,903.78,44675.81,49034.0
2026-08-02 23:55:00,20189.41,903.97,44675.79,49034.06
2026-08-02 23:56:00,20189.36,903.88,44675.83,49034.07
2026-08-02 23:57:00,20189.54,903.92,44675.89,49034.19
2026-08-02 23:58:00,20189.66,903.78,44675.92,49034.29
2026-08-02 23:59:00,20189.75,903.69,44675.99,49034.37
